Rk,Player,Age,Team,Pos,G,GS,MP,TS%,USG%,OWS,DWS,WS,WS/48,OBPM,DBPM,BPM,VORP,WIN %,VALUE,AAV,ACE,SALARY,,
22,Nikola Jokic,29,DEN,C,70,70,2571,0.663,29.5,12.7,3.8,16.4,0.307,9.9,3.3,13.3,9.8,0.61,5.033451371,59.4212963,59421296.3,51415938,,
18,Shai Gilgeous-Alexander,26,OKC,PG,76,76,2598,0.637,34.8,11.9,4.8,16.7,0.309,8.9,2.6,11.5,8.9,0.829,4.519544154,58.84259259,58842592.59,35859950,,
44,Giannis Antetokounmpo,30,MIL,PF,67,67,2289,0.625,35.2,7.8,3.7,11.5,0.241,6.9,2.5,9.5,6.6,0.585,3.275307394,58.26388889,58263888.89,48787676,,
30,Tyrese Haliburton,24,IND,PG,73,73,2451,0.616,21.6,8.1,2.3,10.4,0.204,5.7,0.2,5.8,4.9,0.61,2.45280046,57.68518519,57685185.19,42176400,,
14,Jayson Tatum,26,BOS,PF,72,72,2624,0.582,31.2,5.3,4.2,9.5,0.174,4.4,0.8,5.2,4.8,0.744,2.235448863,57.10648148,57106481.48,34848340,,
51,Stephen Curry,36,GSW,PG,70,70,2252,0.618,29.8,5.2,2.7,7.9,0.168,6.4,0,6.3,4.8,0.585,2.22906869,56.52777778,56527777.78,55761216,,
33,Domantas Sabonis,28,SAC,C,70,70,2429,0.655,21.6,7.4,2.7,10.1,0.199,4.2,1.1,5.2,4.4,0.488,2.195100039,55.94907407,55949074.07,40500000,,
32,LeBron James,40,LAL,SF,70,70,2444,0.604,30.1,4.9,2.8,7.7,0.152,4.9,0.7,5.6,4.7,0.61,2.116495079,55.37037037,55370370.37,48728845,,
3,Anthony Edwards,23,MIN,SG,79,79,2871,0.595,31.4,4.6,3.8,8.4,0.14,4.4,0,4.3,4.6,0.598,2.01569055,54.79166667,54791666.67,42176400,,
5,James Harden,35,LAC,PG,79,79,2789,0.582,29.6,4,4.3,8.3,0.143,3.5,0.8,4.3,4.4,0.61,1.932702201,54.21296296,54212962.96,33653846,,
27,Karl-Anthony Towns,29,NYK,C,72,72,2517,0.63,27.4,6.3,3.8,10.1,0.193,3.5,0.1,3.6,3.5,0.622,1.853569115,53.63425926,53634259.26,49205800,,
41,Jarrett Allen,26,CLE,C,82,82,2296,0.724,15.9,7.6,4,11.6,0.243,3,1.2,4.2,3.6,0.78,1.787568309,53.05555556,53055555.56,20000000,,
63,Evan Mobley,23,CLE,PF,71,71,2167,0.633,23.2,5.3,3.8,9,0.2,3.1,1.5,4.6,3.6,0.78,1.779572778,52.47685185,52476851.85,11227657,,
35,Alperen Sengun,22,HOU,C,76,76,2395,0.545,26.2,4.1,4.2,8.3,0.166,2.6,1.8,4.4,3.9,0.634,1.765060532,51.89814815,51898148.15,5424654,,
13,Ivica Zubac,27,LAC,C,80,80,2624,0.641,19.5,7,4.7,11.7,0.215,2.3,0.8,3.1,3.4,0.61,1.745985801,51.31944444,51319444.44,11743210,,
132,Luka Doncic,25,2TM,PG,50,50,1769,0.587,33.9,3.5,2.4,5.9,0.16,5.5,1.2,6.7,3.9,,1.700238303,50.74074074,50740740.74,43031940,,
138,Jimmy Butler,35,2TM,SF,55,55,1746,0.626,20.8,6.6,2,8.7,0.238,4,1,4.9,3,,1.639973134,50.16203704,50162037.04,48798677,,
40,Jalen Brunson,28,NYK,PG,65,65,2301,0.605,29.5,6.8,1.4,8.3,0.172,4.7,-1.3,3.3,3.1,0.622,1.61785946,49.58333333,49583333.33,24960001,,
77,Damian Lillard,34,MIL,PG,58,58,2093,0.621,27.8,5.6,2,7.6,0.175,4.7,-0.6,4,3.2,0.585,1.606958165,49.00462963,49004629.63,48787676,,
8,Tyler Herro,25,MIA,SG,77,77,2725,0.605,28,4.7,2.7,7.4,0.131,3.8,-0.7,3.1,3.5,0.451,1.568747365,48.42592593,48425925.93,29000000,,
53,Jalen Williams,23,OKC,SG,69,69,2237,0.573,27.5,3.7,4.1,7.8,0.168,2.7,1.4,4,3.4,0.829,1.564867449,47.84722222,47847222.22,4775760,,
20,Derrick White,30,BOS,SG,76,76,2574,0.606,19.8,5.1,3.4,8.5,0.158,2.7,0.8,3.5,3.6,0.744,1.550217511,47.26851852,47268518.52,20071429,,
145,Anthony Davis,31,2TM,C,51,51,1706,0.588,30.4,3.7,3,6.7,0.188,3.9,1.5,5.4,3.2,,1.526733494,46.68981481,46689814.81,43219440,,
54,Donovan Mitchell,28,CLE,SG,71,71,2232,0.575,30.9,4.8,2.8,7.6,0.163,3.8,-0.2,3.7,3.2,0.78,1.515089319,46.11111111,46111111.11,35410310,,
39,Darius Garland,25,CLE,PG,75,75,2301,0.6,27.2,5.8,2.3,8.1,0.169,3.9,-0.8,3.1,3,0.78,1.512396211,45.53240741,45532407.41,36725670,,
48,Payton Pritchard,27,BOS,PG,80,3,2271,0.633,19,6.1,2.5,8.6,0.183,3.4,0.2,3.5,3.2,0.744,1.492063634,44.9537037,44953703.7,6696429,,
29,Cade Cunningham,23,DET,PG,70,70,2452,0.565,33.2,3,2.9,5.9,0.115,3.8,0.1,3.9,3.7,0.537,1.427393215,44.375,44375000,13940809,,
57,Amen Thompson,22,HOU,SF,69,42,2225,0.602,17.5,4.1,3.9,8,0.172,1.4,2.6,4.1,3.4,0.634,1.372724078,43.7962963,43796296.3,9249960,,
172,Victor Wembanyama,21,SAS,C,46,46,1527,0.594,30.4,1,2.8,3.8,0.118,3.6,2.9,6.5,3.3,0.415,1.295180164,43.21759259,43217592.59,12768960,,
2,Josh Hart,29,NYK,SG,77,77,2897,0.611,15.3,5.4,3.8,9.2,0.153,1.1,1.8,2.8,3.6,0.622,1.290033014,42.63888889,42638888.89,18144000,,
59,Desmond Bane,26,MEM,SG,69,68,2205,0.6,23.3,4,2.6,6.5,0.142,2.6,0.6,3.2,2.9,0.585,1.253558166,42.06018519,42060185.19,34005250,,
49,Kevin Durant,36,PHO,PF,62,62,2265,0.642,28.7,4,1.2,5.2,0.111,3.9,-0.7,3.2,3,0.439,1.24647411,41.48148148,41481481.48,51179021,,
85,Jalen Duren,21,DET,C,78,78,2034,0.703,16.4,5.9,3.4,9.2,0.218,1.6,1.5,3.1,2.7,0.537,1.238667602,40.90277778,40902777.78,4536840,,
47,Nikola Vucevic,34,CHI,C,73,72,2278,0.611,22.4,4.7,2.6,7.3,0.153,2.5,0.1,2.6,2.7,0.476,1.207289231,40.32407407,40324074.07,20000000,,
23,Austin Reaves,26,LAL,SG,73,73,2550,0.616,23.7,5.6,2.1,7.6,0.144,2.4,-0.5,1.9,2.6,0.61,1.196014718,39.89814815,39898148.15,12976362,,
197,Ty Jerome,27,CLE,SG,70,3,1392,0.643,23.6,4.2,1.8,5.9,0.204,3.5,0.8,4.3,2.2,0.78,1.154854824,39.66666667,39666666.67,2560975,,
25,Pascal Siakam,30,IND,PF,78,78,2548,0.599,24.2,5,2.5,7.5,0.142,2.2,-0.5,1.7,2.4,0.61,1.107646923,39.43518519,39435185.19,42176400,,
12,Bam Adebayo,27,MIA,C,78,78,2674,0.561,23.5,3.5,4,7.5,0.135,1,1,2,2.7,0.451,1.104769361,39.2037037,39203703.7,34848340,,
234,Kristaps Porzingis,29,BOS,C,42,42,1210,0.618,25.9,3.3,2,5.3,0.212,3.5,1.2,4.7,2.1,0.744,1.094104916,38.97222222,38972222.22,29268293,,
89,Franz Wagner,23,ORL,SF,60,60,2023,0.558,31,2.6,3.1,5.6,0.133,2.6,0.5,3.1,2.6,0.5,1.069679467,38.74074074,38740740.74,7007092,,
127,Kyrie Irving,32,DAL,SG,50,50,1804,0.594,27.4,3.4,1.3,4.6,0.124,3.9,-0.5,3.4,2.5,0.476,1.065340048,38.50925926,38509259.26,41000000,,
58,Jaren Jackson Jr.,25,MEM,C,74,74,2207,0.591,28.1,3.2,3.2,6.4,0.139,1.6,0.8,2.3,2.4,0.585,1.031057693,38.27777778,38277777.78,25257798,,
73,Josh Giddey,22,CHI,PG,70,69,2117,0.57,21.7,2.8,2.5,5.3,0.121,1.9,1.1,3,2.7,0.476,1.010516221,38.0462963,38046296.3,8352367,,
129,Cameron Johnson,28,BRK,PF,57,57,1800,0.632,22.9,3.8,1.3,5.1,0.137,3.5,-0.4,3.1,2.3,0.317,1.010037596,37.81481481,37814814.81,22500000,,
132,Luka Doncic,25,LAL,PG,28,28,984,0.59,34.5,2,1.4,3.4,0.164,5.5,1.1,6.5,2.1,0.61,0.983035927,37.58333333,37583333.33,43031940,,
231,Daniel Gafford,26,DAL,C,57,31,1226,0.716,19.5,4.4,1.5,5.9,0.232,2.7,1.1,3.8,1.8,0.476,0.967248008,37.35185185,37351851.85,13394160,,
138,Jimmy Butler,35,GSW,SF,30,30,980,0.617,20.6,3.7,1.2,4.9,0.242,3.8,1.2,5,1.7,0.585,0.966361605,37.12037037,37120370.37,48798677,,
37,Rudy Gobert,32,MIN,C,72,72,2388,0.687,13,6.1,4,10.1,0.204,0.6,1.3,1.9,2.4,0.598,0.952870615,36.88888889,36888888.89,43827586,,
295,Zion Williamson,24,NOP,PF,30,30,857,0.6,34.7,1.9,0.6,2.5,0.141,5.9,1,7,1.9,0.256,0.88473056,36.65740741,36657407.41,36725670,,
163,Isaiah Hartenstein,26,OKC,C,57,53,1590,0.599,16.7,3.2,3.6,6.8,0.205,0.6,2.6,3.2,2.1,0.829,0.88370909,36.42592593,36425925.93,30000000,,
66,Deni Avdija,24,POR,SF,72,54,2161,0.605,23.2,3.1,2.5,5.6,0.124,1.5,0.6,2.1,2.2,0.439,0.871274346,36.19444444,36194444.44,15625000,,
151,Santi Aldama,24,MEM,PF,65,16,1660,0.588,18.5,2.9,2,5,0.144,2.5,0.7,3.2,2.2,0.585,0.837253817,35.96296296,35962962.96,3960531,,
204,Luke Kornet,29,BOS,C,73,16,1361,0.683,11.4,4.8,2.2,7,0.246,1.6,1.7,3.3,1.8,0.744,0.824014538,35.73148148,35731481.48,2087519,,
190,Tari Eason,23,HOU,PF,57,16,1420,0.567,19.4,2.1,2.9,5,0.169,1,2.6,3.6,2,0.634,0.817270764,35.5,35500000,3695160,,
241,Mark Williams,23,CHO,C,44,41,1171,0.647,21.4,3.1,1.6,4.7,0.195,2.5,0.9,3.5,1.6,0.232,0.811687439,35.26851852,35268518.52,4094280,,
4,Devin Booker,28,PHO,SG,75,75,2795,0.589,29.3,6.1,0.3,6.4,0.111,2.8,-2.4,0.4,1.7,0.439,0.808399227,35.03703704,35037037.04,49205800,,
56,Julius Randle,30,MIN,PF,69,69,2226,0.593,25,3.6,2.6,6.2,0.134,1.5,-0.2,1.3,1.8,0.598,0.793905377,34.80555556,34805555.56,33073920,,
165,Paolo Banchero,22,ORL,PF,46,46,1582,0.551,33.6,1.1,2.4,3.5,0.106,3.4,0.2,3.5,2.2,0.5,0.781994745,34.57407407,34574074.07,12160800,,
138,Jimmy Butler,35,MIA,PF,25,25,766,0.638,21.1,2.9,0.8,3.7,0.233,4.2,0.6,4.8,1.3,0.451,0.760352922,34.34259259,34342592.59,48798677,,
95,Tyrese Maxey,24,PHI,PG,52,52,1960,0.562,29.8,2.9,1,3.8,0.094,3.2,-1.1,2,2,0.293,0.743801812,34.11111111,34111111.11,35147000,,
34,Jamal Murray,27,DEN,PG,67,67,2418,0.584,24,4.6,1.6,6.2,0.123,1.8,-1,0.8,1.7,0.61,0.739389152,33.87962963,33879629.63,36016200,,
96,Norman Powell,31,LAC,SG,60,60,1958,0.615,26.1,2.9,2.3,5.3,0.129,1.7,-0.2,1.5,1.8,0.61,0.728572132,33.64814815,33648148.15,19241379,,
71,Scottie Barnes,23,TOR,PF,65,65,2134,0.523,27,0.6,2.9,3.5,0.078,1.5,0.9,2.4,2.3,0.366,0.71762685,33.41666667,33416666.67,10130980,,
7,Goga Bitadze,26,ATL,PG,76,76,2739,0.567,29.6,4.4,1.3,5.7,0.1,3.3,-2.7,0.5,1.7,0.488,0.715972718,33.18518519,33185185.19,9057971,,
82,Onyeka Okongwu,24,ATL,C,74,40,2064,0.634,17.3,4.9,2.3,7.2,0.168,1.2,0.2,1.3,1.7,0.488,0.71101611,32.9537037,32953703.7,14000000,,
60,Naz Reid,25,MIN,C,80,17,2200,0.577,21.5,2.4,3.3,5.7,0.125,0.8,0.8,1.6,2,0.598,0.709485047,32.72222222,32722222.22,13986432,,
238,Kawhi Leonard,33,LAC,SF,37,37,1180,0.589,27.7,1.5,1.9,3.5,0.141,2.5,0.6,3.1,1.5,0.61,0.662686457,32.49074074,32490740.74,49205800,,
17,Zach LaVine,29,2TM,SG,74,74,2602,0.639,25.3,3.7,1.4,5.1,0.094,2.3,-1.6,0.7,1.8,,0.6571331,32.25925926,32259259.26,44531940,,
148,Jakob Poeltl,29,TOR,C,57,56,1686,0.641,18.7,3,2.5,5.5,0.158,0.7,1.3,2,1.7,0.366,0.655855366,32.02777778,32027777.78,19500000,,
6,DeMar DeRozan,35,SAC,SF,77,77,2768,0.569,25,5.7,1.4,7.1,0.123,1.2,-1.2,-0.1,1.3,0.488,0.640683103,31.7962963,31796296.3,23400000,,
176,Ja Morant,25,MEM,PG,50,50,1519,0.563,32.2,2,1.5,3.5,0.112,3.1,-0.7,2.4,1.7,0.585,0.639449841,31.56481481,31564814.81,36725670,,
178,LaMelo Ball,23,CHO,PG,47,47,1505,0.536,35.9,0.9,1.1,2,0.065,4.1,-0.9,3.2,2,0.232,0.618217265,31.33333333,31333333.33,35147000,,
9,OG Anunoby,27,NYK,PF,74,74,2706,0.591,19.7,3.7,2.8,6.5,0.116,0.7,0.1,0.7,1.9,0.622,0.606550222,31.10185185,31101851.85,36637932,,
87,Miles Bridges,26,CHO,PF,64,64,2029,0.541,28,1.3,1.8,3.2,0.075,2.3,-0.5,1.8,2,0.232,0.604743505,30.87037037,30870370.37,27173913,,
266,Alex Caruso,30,OKC,SG,54,3,1041,0.568,15.2,1.6,2.3,3.9,0.18,0.1,3.9,4,1.6,0.829,0.570701986,30.63888889,30638888.89,9890000,,
188,Goga Bitadze,25,ORL,C,70,42,1430,0.631,14.3,2.8,3,5.8,0.195,-0.3,2.8,2.5,1.6,0.5,0.565812811,30.40740741,30407407.41,9057971,,
149,Scotty Pippen Jr.,24,MEM,PG,79,21,1683,0.582,19.3,2.4,2.3,4.7,0.133,0,1.8,1.9,1.7,0.585,0.555522603,30.17592593,30175925.93,2087519,,
167,Obi Toppin,26,IND,PF,79,4,1545,0.642,20.1,2.7,1.6,4.3,0.135,1.8,-0.1,1.7,1.4,0.61,0.541052618,29.96732026,29967320.26,12975000,,
139,Aaron Wiggins,26,OKC,SG,76,26,1744,0.596,20.3,2.7,2.7,5.4,0.148,1.3,-0.2,1.1,1.4,0.829,0.539547835,29.83115468,29831154.68,10514017,,
45,Malik Beasley,28,DET,SG,82,18,2283,0.59,22.5,2.9,1.8,4.7,0.1,2,-1.2,0.8,1.6,0.537,0.537909488,29.69498911,29694989.11,6000000,,
11,Christian Braun,23,DEN,SG,79,77,2675,0.665,15.8,6.2,1.9,8,0.144,0.8,-0.5,0.3,1.6,0.61,0.533933448,29.55882353,29558823.53,3089640,,
10,Jalen Green,22,HOU,SG,82,82,2697,0.544,27.3,1.9,3.2,5.1,0.092,1.1,-0.5,0.5,1.7,0.634,0.523563522,29.42265795,29422657.95,12483048,,
309,Jaylin Williams,22,OKC,PF,47,9,784,0.594,14.6,1.5,1.7,3.3,0.199,1.5,2.7,4.3,1.2,0.829,0.500232531,29.28649237,29286492.37,2019699,,
21,Dyson Daniels,21,ATL,SG,76,76,2571,0.545,18.2,1.3,3.7,5,0.093,-1.1,2.6,1.5,2.3,0.488,0.487772877,29.1503268,29150326.8,6059520,,
17,Zach LaVine,29,CHI,SF,42,42,1432,0.637,26.6,2,1,3,0.101,2.7,-1,1.6,1.3,0.476,0.485551651,29.01416122,29014161.22,44531940,,
158,Donte DiVincenzo,28,MIN,SG,62,10,1606,0.582,19.4,1.6,2.2,3.9,0.115,0.8,1.1,1.9,1.6,0.598,0.477653385,28.87799564,28877995.64,11445000,,
185,Aaron Gordon,29,DEN,PF,51,42,1447,0.65,19,3.6,0.7,4.3,0.143,2.7,-1.5,1.2,1.2,0.61,0.476471225,28.74183007,28741830.07,22841455,,
52,De'Aaron Fox,27,SAC,PG,45,45,1663,0.567,29.1,2.2,1.3,3.5,0.101,2,-0.8,1.2,1.3,0.488,0.474569817,28.60566449,28605664.49,34848340,,
140,Walker Kessler,23,UTA,C,58,58,1740,0.66,13.7,3.6,1.8,5.4,0.149,1.1,0.7,1.8,1.7,0.207,0.473222131,28.46949891,28469498.91,2965920,,
159,Isaiah Joe,25,OKC,SG,74,16,1604,0.617,17.2,2.9,2.2,5.1,0.153,1.4,-0.1,1.3,1.4,0.829,0.471627796,28.33333333,28333333.33,12991650,,
321,Jay Huff,26,MEM,C,64,2,748,0.666,19.6,1.6,1,2.5,0.162,2.5,1,3.5,1.1,0.585,0.469412362,28.19716776,28197167.76,2088033,,
358,Moritz Wagner,27,ORL,C,30,1,564,0.649,26.8,1,1,2,0.174,2.6,1.4,4,0.9,0.5,0.461639093,28.06100218,28061002.18,11000000,,
118,Andrew Wiggins,29,2TM,SF,60,60,1842,0.566,24.5,1.9,2.1,4,0.104,1.2,-0.3,0.9,1.4,,0.44859103,27.9248366,27924836.6,26276786,,
291,Chet Holmgren,22,OKC,C,32,32,877,0.599,22,1.1,2,3.2,0.173,0.5,1.9,2.4,1,0.829,0.444821193,27.78867102,27788671.02,10880640,,
19,Michael Porter Jr.,26,DEN,SF,77,77,2593,0.617,20.2,4.6,1.8,6.4,0.118,1.6,-1.7,-0.1,1.2,0.61,0.44362366,27.65250545,27652505.45,35859950,,
26,Brook Lopez,36,MIL,C,80,80,2546,0.624,15.8,3.6,2.9,6.6,0.124,0.4,0.4,0.8,1.8,0.585,0.439970498,27.51633987,27516339.87,23000000,,
282,Immanuel Quickley,25,TOR,PG,33,33,918,0.57,25.1,1.8,0.6,2.5,0.128,3.2,-1,2.2,1,0.366,0.434784087,27.38017429,27380174.29,32500000,,
299,Dereck Lively II,20,DAL,C,36,29,833,0.704,13.6,2.4,1,3.4,0.199,1.1,2.2,3.3,1.1,0.476,0.432598324,27.24400871,27244008.71,5014560,,
116,Trey Murphy III,24,NOP,SF,53,51,1854,0.598,23.7,3,0.5,3.5,0.091,2.1,-1.4,0.8,1.3,0.256,0.431133571,27.10784314,27107843.14,5159854,,
52,De'Aaron Fox,27,2TM,PG,62,62,2241,0.56,28.3,2.6,1.7,4.3,0.093,1.3,-1,0.4,1.3,,0.428133343,26.97167756,26971677.56,34848340,,
294,Chris Boucher,32,TOR,PF,50,0,862,0.615,21.2,1.7,1,2.7,0.148,2.9,-0.6,2.3,0.9,0.366,0.413822706,26.83551198,26835511.98,10810000,,
174,Jonas Valanciunas,32,2TM,C,81,21,1524,0.602,22.8,2.6,1.7,4.3,0.137,0.8,-0.1,0.6,1,,0.402331323,26.69934641,26699346.41,9900000,,
98,Keon Ellis,25,SAC,SG,80,28,1948,0.664,12.7,2.7,2.2,5,0.122,-0.1,2,1.9,1.9,0.488,0.395532211,26.56318083,26563180.83,2120693,,
141,De'Andre Hunter,27,2TM,SF,64,9,1740,0.623,22.8,3,1.4,4.4,0.122,1.2,-0.8,0.4,1,,0.390321917,26.42701525,26427015.25,21696429,,
210,Ausar Thompson,22,DET,SF,59,48,1328,0.568,19.1,1.5,2.4,3.8,0.138,-0.8,2.5,1.7,1.2,0.537,0.383695347,26.29084967,26290849.67,8376000,,
67,Jaylen Brown,28,BOS,SF,63,63,2158,0.555,28.9,2.3,2.9,5.2,0.115,0.4,-0.4,0,1.1,0.744,0.373757928,26.1546841,26154684.1,49205800,,
192,T.J. McConnell,32,IND,PG,79,1,1415,0.547,23.4,1.5,1.7,3.2,0.109,0.6,0.6,1.2,1.2,0.61,0.372383286,26.01851852,26018518.52,9300000,,
74,Fred VanVleet,30,HOU,PG,60,60,2111,0.515,17.7,2.4,2.8,5.2,0.119,-0.4,1.3,0.9,1.5,0.634,0.370058712,25.88235294,25882352.94,42846615,,
118,Andrew Wiggins,29,GSW,SF,43,43,1296,0.566,23.5,1.7,1.5,3.2,0.119,1.4,-0.4,1,1,0.585,0.355682622,25.74618736,25746187.36,26276786,,
161,Caris LeVert,30,2TM,SG,64,3,1596,0.582,19.4,2.4,1.6,4,0.119,0.8,0.1,0.9,1.2,,0.348209952,25.61002179,25610021.79,16615384,,
330,Sandro Mamukelashvili,25,SAS,PF,61,0,681,0.628,20.8,1.6,0.6,2.2,0.152,3.3,-1,2.3,0.7,0.415,0.34554929,25.47385621,25473856.21,2087519,,
216,Jalen Johnson,23,ATL,SF,36,36,1284,0.569,22.5,0.8,1.6,2.4,0.089,0.5,1.4,1.8,1.2,0.488,0.33945133,25.33769063,25337690.63,4510905,,
356,Joel Embiid,30,PHI,C,19,19,574,0.58,34.2,0.9,0.5,1.4,0.118,3.7,-0.3,3.5,0.8,0.293,0.338666688,25.20152505,25201525.05,51415938,,
136,Mike Conley,37,MIN,PG,71,64,1756,0.573,14.4,3,2.2,5.2,0.142,-0.1,1.3,1.2,1.4,0.598,0.322596282,25.06535948,25065359.48,9975962,,
43,Anfernee Simons,25,POR,SG,70,70,2292,0.557,24.6,2.9,1.2,4.2,0.087,1.5,-1.5,-0.1,1.1,0.439,0.315977789,24.9291939,24929193.9,25892857,,
180,Kevin Porter Jr.,24,MIL,SG,30,2,598,0.616,24.8,1.1,0.9,2,0.163,0.9,1.2,2.1,0.6,0.585,0.312141528,24.79302832,24793028.32,3366937,,
62,Myles Turner,28,IND,C,72,72,2174,0.612,20.7,1.8,2.9,4.7,0.104,0,0.4,0.4,1.3,0.61,0.311507623,24.65686275,24656862.75,19928500,,
42,Chris Paul,39,SAS,PG,82,82,2292,0.58,14,4.2,1.6,5.7,0.12,0.3,0.5,0.8,1.6,0.415,0.306863091,24.52069717,24520697.17,10460000,,
232,John Collins,27,UTA,PF,40,31,1220,0.628,24.2,1.7,0.8,2.5,0.098,1.4,-0.4,1,0.9,0.207,0.294071309,24.38453159,24384531.59,26580000,,
90,Quentin Grimes,24,2TM,SG,75,37,2013,0.595,22.8,2,1.4,3.4,0.081,1.3,-0.9,0.4,1.2,,0.29259228,24.24836601,24248366.01,4296682,,
277,Jalen Smith,24,CHI,C,64,2,962,0.586,21,1.7,1.3,2.9,0.146,1.5,-0.6,0.9,0.7,0.476,0.285272141,24.11220044,24112200.44,8571429,,
275,Trayce Jackson-Davis,24,GSW,C,62,37,967,0.587,17.1,1.9,1.4,3.4,0.167,0.3,0.9,1.2,0.8,0.585,0.275086019,23.97603486,23976034.86,1891857,,
141,De'Andre Hunter,27,CLE,SF,27,5,676,0.634,20.5,1.4,0.8,2.2,0.157,1.6,0,1.6,0.6,0.78,0.273468408,23.83986928,23839869.28,21696429,,
104,Jrue Holiday,34,BOS,PG,62,62,1896,0.565,15.8,2.8,2.4,5.1,0.13,-0.3,1,0.7,1.3,0.744,0.27267711,23.7037037,23703703.7,30000000,,
55,Harrison Barnes,32,SAS,PF,82,82,2230,0.656,15.7,5,0.5,5.6,0.12,1.7,-1.7,0,1.2,0.415,0.271882317,23.56753813,23567538.13,18000000,,
143,Brandin Podziemski,21,GSW,SG,64,33,1716,0.557,18.3,1.9,2.3,4.2,0.117,-0.1,0.8,0.7,1.2,0.585,0.270288762,23.43137255,23431372.55,3519960,,
296,Khris Middleton,33,MIL,SF,23,7,534,0.627,22,1.1,0.6,1.7,0.15,1.7,0.6,2.2,0.6,0.585,0.269694799,23.29520697,23295206.97,31000000,,
235,Brandon Clarke,28,MEM,PF,64,18,1207,0.638,15.3,2.7,1.7,4.4,0.174,0,0.8,0.8,0.9,0.585,0.264660821,23.15904139,23159041.39,12500000,,
90,Quentin Grimes,24,PHI,SG,28,25,943,0.592,27.5,1,0.6,1.6,0.083,2.7,-1.5,1.2,0.8,0.293,0.244490569,23.02287582,23022875.82,4296682,,
114,RJ Barrett,24,TOR,SF,58,58,1869,0.547,28.7,0.6,1.7,2.4,0.061,1.2,-0.7,0.6,1.2,0.366,0.23339933,22.88671024,22886710.24,25794643,,
183,Luke Kennard,28,MEM,SG,65,11,1472,0.631,14.5,2.6,1.3,3.9,0.127,0.9,0.2,1.1,1.2,0.585,0.230237904,22.75054466,22750544.66,9250000,,
217,Max Strus,28,CLE,SF,50,37,1273,0.607,14.7,2.2,1.3,3.4,0.13,1.1,0.2,1.3,1.1,0.78,0.229390373,22.61437908,22614379.08,15212068,,
153,Al Horford,38,BOS,C,60,42,1659,0.563,13.8,2,2.4,4.4,0.129,0.1,1.1,1.2,1.3,0.744,0.22439875,22.47821351,22478213.51,9500000,,
279,Gary Payton II,32,GSW,SG,62,11,927,0.635,16.1,1.5,1.5,3,0.155,-0.5,2,1.4,0.8,0.585,0.222741225,22.34204793,22342047.93,9130000,,
174,Jonas Valanciunas,32,SAC,C,32,9,541,0.604,20.9,1.3,0.7,2.1,0.183,0.6,0.5,1.1,0.4,0.488,0.222386084,22.20588235,22205882.35,9900000,,
286,Day'Ron Sharpe,23,BRK,C,50,2,907,0.568,19.9,1.3,1.4,2.7,0.141,0,0.9,0.9,0.7,0.317,0.221840372,22.06971678,22069716.78,3989122,,
91,Jordan Poole,25,WAS,SG,68,68,2001,0.591,29,1.2,0.8,2,0.047,2,-1.6,0.4,1.2,0.22,0.21015375,21.9335512,21933551.2,29651786,,
169,Sam Hauser,27,BOS,PF,71,19,1541,0.632,14.3,2.6,1.8,4.4,0.136,0.9,-0.1,0.8,1.1,0.744,0.207848967,21.79738562,21797385.62,2092344,,
288,Tre Jones,25,2TM,PG,46,9,905,0.617,14.1,2.3,0.6,2.9,0.155,0.5,1,1.5,0.8,,0.203222484,21.66122004,21661220.04,9104167,,
270,Kyle Anderson,31,2TM,PF,61,4,1002,0.538,15.9,1.3,1.5,2.8,0.135,-0.6,2.2,1.5,0.9,,0.201489575,21.52505447,21525054.47,8780488,,
1,Mikal Bridges,28,NYK,SF,82,82,3036,0.585,19.6,3.7,2,5.7,0.09,0.4,-0.9,-0.5,1.2,0.622,0.200922251,21.38888889,21388888.89,23300000,,
111,Cason Wallace,21,OKC,SG,68,43,1876,0.562,12.8,1.8,3.4,5.2,0.133,-1.5,2.6,1,1.5,0.829,0.19681979,21.25272331,21252723.31,5555880,,
161,Caris LeVert,30,CLE,SF,38,3,904,0.58,18.1,1.3,1,2.3,0.124,0.5,0.7,1.2,0.7,0.78,0.191260719,21.11655773,21116557.73,16615384,,
174,Jonas Valanciunas,32,WAS,C,49,12,983,0.602,23.8,1.3,1,2.3,0.112,0.8,-0.5,0.4,0.6,0.22,0.186271623,20.98039216,20980392.16,9900000,,
191,Zach Edey,22,MEM,C,66,55,1416,0.624,16.4,2.7,2.2,4.9,0.165,-0.2,0.1,-0.1,0.7,0.585,0.18606973,20.84422658,20844226.58,5756880,,
276,Thomas Bryant,27,2TM,C,66,8,963,0.614,17.1,1.8,1.2,3.1,0.152,0.7,0,0.6,0.6,,0.185554556,20.708061,20708061,2087519,,
225,Bobby Portis,29,MIL,PF,49,7,1244,0.542,24.1,0.9,1.9,2.7,0.106,0.6,-0.4,0.2,0.7,0.585,0.183686966,20.57189542,20571895.42,12578286,,
276,Thomas Bryant,27,IND,C,56,8,848,0.613,17.6,1.6,1,2.6,0.15,0.9,-0.2,0.7,0.6,0.61,0.182042341,20.43572985,20435729.85,2087519,,
38,Tobias Harris,32,DET,PF,73,73,2305,0.571,17.6,2.3,2.9,5.2,0.108,-0.5,0.6,0.1,1.2,0.537,0.181374008,20.29956427,20299564.27,25365854,,
296,Khris Middleton,33,2TM,SF,37,21,843,0.588,22,1.2,0.8,2,0.116,0.4,0.3,0.7,0.6,,0.176613674,20.16339869,20163398.69,31000000,,
61,Tyus Jones,28,PHO,PG,81,58,2174,0.585,16.2,4,0.3,4.4,0.096,1.4,-1.3,0.1,1.1,0.439,0.172368469,20.02723312,20027233.12,2087519,,
270,Kyle Anderson,31,GSW,PF,36,3,541,0.522,15.7,0.6,0.9,1.5,0.132,-0.3,2.6,2.3,0.6,0.585,0.151684488,19.9382716,19938271.6,8780488,,
15,Jaden McDaniels,24,MIN,PF,82,82,2614,0.562,16.3,2.3,3.9,6.3,0.115,-1.4,1.4,0,1.4,0.598,0.146942968,19.86111111,19861111.11,23017242,,
248,Kenrich Williams,30,OKC,PF,69,7,1132,0.587,15.4,1.6,1.9,3.6,0.151,-0.4,0.9,0.6,0.7,0.829,0.1423092,19.78395062,19783950.62,6669000,,
109,Nic Claxton,25,BRK,C,70,62,1882,0.569,16.8,1.8,2.5,4.3,0.11,-1.1,1.5,0.4,1.1,0.317,0.139168692,19.70679012,19706790.12,27556817,,
364,Richaun Holmes,31,WAS,PF,31,7,534,0.695,14.7,1.6,0.4,2,0.178,1.2,0,1.1,0.4,0.22,0.138486206,19.62962963,19629629.63,12648321,,
256,Jonathan Isaac,27,ORL,PF,71,1,1090,0.512,16.2,0.8,2.5,3.4,0.148,-1.1,1.8,0.7,0.7,0.5,0.137950641,19.55246914,19552469.14,25000000,,
247,Kevon Looney,28,GSW,C,76,6,1142,0.535,13.3,2.2,2.1,4.3,0.182,-1,1.3,0.3,0.7,0.585,0.137346442,19.47530864,19475308.64,8000000,,
342,Josh Okogie,26,2TM,SG,40,7,625,0.567,19.5,0.6,0.7,1.3,0.1,-0.1,1.6,1.5,0.6,,0.132977844,19.39814815,19398148.15,8250000,,
301,Cam Whitmore,20,HOU,SF,51,3,827,0.549,23.9,0.6,1.2,1.8,0.106,0.7,-0.4,0.3,0.5,0.634,0.129667097,19.32098765,19320987.65,3379080,,
31,Coby White,24,CHI,SG,74,73,2450,0.601,24.4,3,1.5,4.5,0.088,0.5,-1.4,-0.9,0.7,0.476,0.124861816,19.24382716,19243827.16,12000000,,
161,Caris LeVert,30,ATL,SG,26,0,692,0.583,21.2,1.1,0.5,1.6,0.112,1.1,-0.7,0.4,0.4,0.488,0.114938028,19.16666667,19166666.67,16615384,,
189,Kel'el Ware,20,MIA,C,64,36,1422,0.603,17.2,1.7,2.5,4.1,0.14,-0.7,0.6,-0.1,0.7,0.451,0.114379138,19.08950617,19089506.17,4231800,,
206,Jake LaRavia,23,MEM,PF,47,0,982,0.605,14.5,1.2,1.2,2.4,0.119,-0.2,1.5,1.3,0.8,0.585,0.108624971,19.01234568,19012345.68,3352680,,
181,D'Angelo Russell,28,BRK,PG,29,26,717,0.508,25.9,0.2,0.7,0.9,0.063,0.8,0.2,1,0.5,0.317,0.106329885,18.93518519,18935185.19,18692307,,
182,Lauri Markkanen,27,UTA,PF,47,47,1476,0.571,24,1.8,0.3,2.2,0.07,1.8,-2.1,-0.3,0.7,0.207,0.101285627,18.85802469,18858024.69,42176400,,
76,Dennis Schroder,31,BRK,PG,23,23,772,0.588,23.8,1.1,0.5,1.6,0.099,1.1,-1.1,0,0.4,0.317,0.09685232,18.7808642,18780864.2,13025250,,
81,Luguentz Dort,25,OKC,SF,71,71,2073,0.586,13.6,2.4,3.2,5.6,0.129,-0.6,0.8,0.2,1.2,0.829,0.095026134,18.7037037,18703703.7,16500000,,
141,De'Andre Hunter,27,ATL,SF,37,4,1064,0.616,24.2,1.6,0.6,2.2,0.1,0.9,-1.4,-0.4,0.4,0.488,0.094801476,18.62654321,18626543.21,21696429,,
186,Isaiah Stewart,23,DET,C,72,4,1434,0.616,12.4,2.1,2.2,4.3,0.144,-1.6,2.1,0.6,0.9,0.537,0.094339136,18.54938272,18549382.72,15000000,,
135,Collin Sexton,26,UTA,SG,63,61,1758,0.593,27,2.5,-0.1,2.4,0.066,1.7,-2.3,-0.6,0.6,0.207,0.092465659,18.47222222,18472222.22,18350000,,
17,Zach LaVine,29,SAC,SG,32,32,1170,0.642,23.7,1.7,0.4,2.1,0.086,1.8,-2.3,-0.4,0.5,0.488,0.08987882,18.39506173,18395061.73,44531940,,
207,Bogdan Bogdanovic,32,LAC,SG,30,4,750,0.608,18.6,1.1,0.9,2,0.128,0.1,0.1,0.2,0.4,0.61,0.084761703,18.31790123,18317901.23,17260000,,
243,Nikola Jovic,21,MIA,PF,46,10,1156,0.595,18.3,1.2,1.3,2.5,0.104,-0.3,0.6,0.3,0.7,0.451,0.083877251,18.24074074,18240740.74,2464200,,
311,Cam Thomas,23,BRK,SG,25,23,781,0.575,32.6,0.8,0.4,1.2,0.071,2.8,-2.6,0.3,0.5,0.317,0.082719929,18.16358025,18163580.25,4041249,,
118,Andrew Wiggins,29,MIA,SF,17,17,546,0.566,26.7,0.2,0.6,0.8,0.069,0.8,-0.1,0.7,0.4,0.451,0.074844209,18.08641975,18086419.75,26276786,,
229,Cole Anthony,24,ORL,PG,67,22,1234,0.531,24.6,0,2,2,0.078,-0.8,0.9,0.1,0.7,0.5,0.070164128,18.00925926,18009259.26,12900000,,
274,Zach Collins,27,2TM,PF,64,12,977,0.605,17.1,1.7,1,2.7,0.132,-0.8,0.8,0,0.5,,0.066106301,17.93209877,17932098.77,16741200,,
375,Jock Landale,29,HOU,C,42,3,500,0.59,15.7,1,0.7,1.7,0.159,0,0.4,0.4,0.3,0.634,0.064859094,17.85493827,17854938.27,8000000,,
328,Quinten Post,24,GSW,PF,42,14,686,0.595,19.6,0.8,0.9,1.7,0.116,0.1,0,0.1,0.4,0.585,0.064478421,17.77777778,17777777.78,438920,,
274,Zach Collins,27,CHI,PF,28,8,552,0.635,17.1,1.1,0.6,1.7,0.149,-0.1,0.2,0.1,0.3,0.476,0.061932113,17.70061728,17700617.28,16741200,,
255,Cameron Payne,30,NYK,PG,72,5,1090,0.532,20.8,1.3,1,2.3,0.099,-0.1,-0.2,-0.2,0.5,0.622,0.059144238,17.62345679,17623456.79,2087519,,
360,John Konchar,28,MEM,SG,46,4,558,0.592,8,0.6,0.9,1.5,0.131,-0.7,2.3,1.7,0.5,0.585,0.047479975,17.5462963,17546296.3,6165000,,
112,Derrick Jones Jr.,27,LAC,SF,77,55,1873,0.609,16.5,2.1,2.6,4.7,0.12,-1,0.7,-0.3,0.8,0.61,0.041148983,17.4691358,17469135.8,9523810,,
289,Jaden Ivey,22,DET,SG,30,30,898,0.569,26,0.3,0.8,1.2,0.062,0.8,-0.8,0,0.5,0.537,0.040231666,17.39197531,17391975.31,7977240,,
351,Jared McCain,20,PHI,SG,23,8,592,0.589,24.7,0.6,0.1,0.7,0.057,1.8,-1.6,0.2,0.3,0.293,0.036991923,17.31481481,17314814.81,4020360,,
245,Vit Krejci,24,ATL,PG,57,16,1153,0.661,12.9,1.8,0.8,2.6,0.11,0,0.7,0.7,0.8,0.488,0.035396765,17.23765432,17237654.32,2162606,,
201,Nicolas Batum,36,LAC,PF,78,8,1367,0.633,9,1.5,2,3.5,0.124,-1.2,2,0.8,1,0.61,0.034117646,17.16049383,17160493.83,4668000,,
162,Miles McBride,24,NYK,PG,64,10,1593,0.531,16.8,1.8,1.4,3.2,0.098,-0.4,0.4,0,0.8,0.622,0.029032381,17.08333333,17083333.33,4710144,,
269,Jalen Suggs,23,ORL,PG,35,35,1002,0.536,27.5,-0.7,1.8,1.1,0.052,-0.8,1.3,0.4,0.6,0.5,0.028287986,17.00617284,17006172.84,9188385,,
250,Aaron Nesmith,25,IND,SF,45,37,1123,0.653,17.4,1.9,1,2.9,0.126,0,-0.5,-0.5,0.4,0.61,0.027934603,16.92901235,16929012.35,11000000,,
304,Steven Adams,31,HOU,C,58,3,794,0.541,13.6,1,1.3,2.3,0.137,0,0.3,0.3,0.5,0.634,0.015163167,16.85185185,16851851.85,12600000,,
195,Sam Merrill,28,CLE,SG,71,4,1401,0.583,14.3,1.8,1.5,3.3,0.113,-0.4,0.7,0.3,0.8,0.78,0.013914486,16.77469136,16774691.36,2164993,,
293,Alec Burks,33,MIA,SG,49,14,863,0.608,16.5,0.9,0.9,1.8,0.1,0,0.3,0.3,0.5,0.451,0.012142749,16.69753086,16697530.86,2087519,,
254,Jaxson Hayes,24,LAL,C,56,35,1093,0.72,12.4,2.3,1.4,3.7,0.162,-1.6,1.3,-0.3,0.5,0.61,0.006915137,16.62037037,16620370.37,2463946,,
246,Jonathan Kuminga,22,GSW,PF,47,10,1144,0.535,27.4,0.5,1.5,1.9,0.08,-0.5,-0.1,-0.6,0.4,0.585,0.006353969,16.54320988,16543209.88,7636307,,
236,Deandre Ayton,26,POR,C,40,40,1206,0.583,19.4,1.2,1.6,2.8,0.113,-0.3,-0.4,-0.7,0.4,0.439,0.004942093,16.46604938,16466049.38,34005126,,
305,Aaron Holiday,28,HOU,PG,62,3,792,0.594,16.8,1.2,0.8,2,0.122,-0.4,0.1,-0.2,0.3,0.634,0.003599652,16.38888889,16388888.89,4668000,,
181,D'Angelo Russell,28,2TM,PG,58,36,1480,0.522,24,0.7,1.3,1.9,0.063,0,-0.4,-0.4,0.6,,0.001408238,16.3117284,16311728.4,18692307,,
92,Draymond Green,34,GSW,PF,68,66,1983,0.534,15.9,0.3,3.4,3.7,0.088,-2.3,2.8,0.5,1.3,0.585,-0.001502175,16.2345679,16234567.9,24107143,,
303,Marcus Sasser,24,DET,PG,57,1,811,0.589,19.4,1,0.8,1.8,0.108,-0.4,-0.2,-0.6,0.3,0.537,-0.006716205,16.15740741,16157407.41,2755080,,
371,Tristan Vukcevic,21,WAS,C,35,1,513,0.608,25.7,0.3,0.4,0.7,0.069,0.4,-0.9,-0.5,0.2,0.22,-0.008722124,16.08024691,16080246.91,578577,,
292,Neemias Queta,25,BOS,C,62,6,863,0.674,13.7,1.8,1.4,3.2,0.179,-1.7,1,-0.7,0.3,0.744,-0.010178407,16.00308642,16003086.42,2162606,,
168,Grayson Allen,29,PHO,SG,64,7,1544,0.631,17.6,2,0.6,2.5,0.079,0.7,-1,-0.3,0.7,0.439,-0.015736197,15.92592593,15925925.93,15625000,,
83,Malik Monk,26,SAC,SG,65,45,2054,0.549,24.6,1.3,1.4,2.8,0.065,0.3,-1.1,-0.8,0.6,0.488,-0.018021161,15.84876543,15848765.43,17405203,,
211,Donovan Clingan,20,POR,C,67,37,1324,0.574,14.2,1.8,2.2,4,0.144,-1.7,1.4,-0.3,0.6,0.439,-0.021166846,15.77160494,15771604.94,6836400,,
103,Naji Marshall,27,DAL,SF,69,31,1919,0.584,20,2,1.5,3.5,0.087,-0.3,-0.5,-0.8,0.6,0.476,-0.02451856,15.69444444,15694444.44,8571429,,
131,Kris Dunn,30,LAC,PG,74,58,1783,0.531,12.7,0.8,3.2,4,0.108,-2.8,3.4,0.6,1.2,0.61,-0.025226904,15.61728395,15617283.95,5168000,,
206,Jake LaRavia,23,2TM,PF,66,0,1349,0.591,14.4,1.4,1.5,2.9,0.104,-0.8,1.1,0.2,0.8,,-0.030655057,15.54012346,15540123.46,3352680,,
90,Quentin Grimes,24,DAL,SG,47,12,1070,0.599,18.5,1,0.8,1.7,0.078,0.1,-0.4,-0.3,0.5,0.476,-0.037561774,15.46296296,15462962.96,4296682,,
24,Toumani Camara,24,POR,PF,78,78,2548,0.572,14.4,2.5,2.6,5.2,0.097,-0.9,0.8,-0.1,1.2,0.439,-0.040686635,15.38580247,15385802.47,1891857,,
280,Brandon Miller,22,CHO,SF,27,27,924,0.54,27.7,-0.2,0.7,0.4,0.023,0.8,-0.8,0,0.4,0.232,-0.042974284,15.30864198,15308641.98,11424600,,
361,Dwight Powell,33,DAL,C,55,3,551,0.713,7.6,1.2,0.5,1.7,0.147,-1.5,1.5,0,0.3,0.476,-0.043350847,15.23148148,15231481.48,4000000,,
302,Ryan Rollins,22,MIL,PG,56,19,820,0.6,18.4,0.7,1,1.7,0.101,-1.4,0.9,-0.5,0.3,0.585,-0.044402085,15.15432099,15154320.99,1091887,,
144,Jabari Smith Jr.,21,HOU,PF,57,39,1716,0.562,16.4,1.9,2.2,4.2,0.117,-0.8,0.1,-0.7,0.6,0.634,-0.046561354,15.07716049,15077160.49,9770880,,
180,Kevin Porter Jr.,24,2TM,SG,75,4,1482,0.531,25.4,-0.1,2.3,2.2,0.072,-1.6,0.9,-0.6,0.5,,-0.048913875,15,15000000,3366937,,
113,Rui Hachimura,26,LAL,PF,59,57,1869,0.619,15.8,2.8,1.5,4.3,0.11,-0.1,-0.6,-0.7,0.6,0.61,-0.050132819,14.92283951,14922839.51,17000000,,
239,Clint Capela,30,ATL,C,55,41,1176,0.564,16.7,1.7,1.5,3.2,0.131,-0.6,-0.4,-1,0.3,0.488,-0.050422532,14.84567901,14845679.01,22265280,,
367,Jaylen Clark,23,MIN,SG,40,4,522,0.598,12,0.9,0.7,1.6,0.147,-2.9,2.7,-0.2,0.2,0.598,-0.05163586,14.76851852,14768518.52,492323,,
121,Royce O'Neale,31,PHO,SF,75,22,1837,0.585,15.5,1.6,1.2,2.8,0.073,0.2,-0.1,0.1,1,0.439,-0.052241975,14.69135802,14691358.02,9375000,,
320,Jabari Walker,22,POR,SF,60,1,749,0.601,16.3,1,1,2,0.128,-1.2,0.5,-0.8,0.2,0.439,-0.056921252,14.61419753,14614197.53,2019699,,
322,Drew Eubanks,27,UTA,C,37,4,568,0.632,14.8,0.8,0.4,1.2,0.1,-0.9,0.9,0,0.3,0.207,-0.057383888,14.53703704,14537037.04,5000000,,
80,Nickeil Alexander-Walker,26,MIN,SG,82,10,2073,0.579,16,2,2.3,4.3,0.099,-0.8,0.4,-0.4,0.8,0.598,-0.057776173,14.45987654,14459876.54,4312500,,
222,Dean Wade,28,CLE,PF,59,30,1252,0.563,10.4,1.3,1.7,3,0.113,-1,1.2,0.3,0.7,0.78,-0.058158515,14.38271605,14382716.05,6166667,,
263,Jared Butler,24,2TM,SG,60,17,1044,0.549,23.6,1,0.4,1.4,0.063,0.5,-1.5,-1,0.3,,-0.064365626,14.30555556,14305555.56,745726,,
290,Kelly Olynyk,33,2TM,C,44,22,891,0.609,18.5,1,0.7,1.7,0.092,-1.1,0.4,-0.7,0.3,,-0.06849714,14.22839506,14228395.06,12804878,,
125,Dorian Finney-Smith,31,BRK,PF,20,20,579,0.613,14.2,0.7,0.5,1.1,0.094,-0.1,0.1,0,0.3,0.317,-0.071714787,14.15123457,14151234.57,14924167,,
313,Lonzo Ball,27,CHI,PG,35,14,777,0.524,15.9,0.3,0.9,1.2,0.075,-1.5,1.7,0.2,0.4,0.476,-0.081917176,14.07407407,14074074.07,21395348,,
365,Mouhamed Gueye,22,ATL,PF,33,28,533,0.52,15.7,0.4,0.8,1.2,0.106,-1.6,1,-0.6,0.2,0.488,-0.082475269,13.99691358,13996913.58,1891857,,
350,Brandon Ingram,27,NOP,SF,18,18,595,0.56,30.2,-0.2,0.2,0,0.001,1.4,-1.7,-0.3,0.3,0.256,-0.084060786,13.91975309,13919753.09,36016200,,
208,Justin Champagnie,23,WAS,SF,62,31,1340,0.614,15.6,1.6,1.2,2.8,0.1,-0.3,-0.2,-0.5,0.5,0.22,-0.088513263,13.84259259,13842592.59,1800000,,
146,Bradley Beal,31,PHO,SG,53,38,1702,0.598,22.1,1.9,0.6,2.4,0.068,-0.1,-1,-1.1,0.4,0.439,-0.088521559,13.7654321,13765432.1,50203930,,
353,Jae'Sean Tate,29,HOU,SF,52,2,588,0.557,13.3,0.8,0.8,1.6,0.133,-2.1,1.4,-0.7,0.2,0.634,-0.093021214,13.6882716,13688271.6,7565217,,
214,Mason Plumlee,34,PHO,C,74,21,1300,0.645,10.8,2.4,1.3,3.7,0.136,-1.5,1,-0.6,0.5,0.439,-0.094250971,13.61111111,13611111.11,2087519,,
359,Malcolm Brogdon,32,WAS,PG,24,13,564,0.544,23.7,0.6,0.1,0.7,0.061,-0.1,-1.5,-1.5,0.1,0.22,-0.094593407,13.53395062,13533950.62,22500000,,
156,Moses Moody,22,GSW,SG,74,34,1649,0.578,17.4,1.7,1.8,3.5,0.102,-0.9,0,-0.9,0.5,0.585,-0.095272109,13.45679012,13456790.12,5803269,,
322,Drew Eubanks,27,2TM,C,61,4,746,0.622,15.1,1,0.7,1.7,0.107,-1.2,0.6,-0.7,0.3,,-0.102672031,13.37962963,13379629.63,5000000,,
203,Jeremy Sochan,21,SAS,PF,54,23,1364,0.589,19,1.7,1.1,2.7,0.096,-0.8,-0.4,-1.2,0.3,0.415,-0.104423025,13.30246914,13302469.14,5570040,,
209,Paul George,34,PHI,PF,41,41,1334,0.543,23.5,-0.2,1.2,1,0.036,-0.5,0.1,-0.4,0.5,0.293,-0.105774334,13.22530864,13225308.64,49205800,,
105,Guerschon Yabusele,29,PHI,C,70,43,1895,0.616,16.3,2.9,1,3.9,0.099,0.1,-1.1,-1,0.5,0.293,-0.108792726,13.14814815,13148148.15,2087519,,
200,Jaime Jaquez Jr.,23,MIA,SF,66,17,1368,0.543,20.2,0.5,1.8,2.3,0.081,-1.4,0.5,-0.9,0.4,0.451,-0.113549515,13.07098765,13070987.65,3685800,,
52,De'Aaron Fox,27,SAS,PG,17,17,578,0.537,26,0.5,0.4,0.9,0.071,-0.6,-1.4,-2,0,0.415,-0.114372045,12.99382716,12993827.16,34848340,,
193,Terance Mann,28,ATL,SG,30,1,682,0.629,15.4,1.3,0.3,1.6,0.111,-0.1,-1.2,-1.3,0.1,0.488,-0.120444482,12.91666667,12916666.67,11423077,,
261,Isaac Okoro,24,CLE,SG,55,22,1053,0.587,12.5,1.5,1,2.5,0.115,-1.1,0.6,-0.5,0.4,0.78,-0.121262486,12.83950617,12839506.17,10185186,,
290,Kelly Olynyk,33,NOP,C,20,20,508,0.596,18.2,0.6,0.3,0.8,0.077,-1.4,0,-1.4,0.1,0.256,-0.123069847,12.76234568,12762345.68,12804878,,
88,Davion Mitchell,26,MIA,PG,30,15,947,0.611,14.2,1.3,1,2.3,0.114,-1.5,0.8,-0.6,0.3,0.451,-0.124899328,12.68518519,12685185.19,6451077,,
50,Shaedon Sharpe,21,POR,SG,72,52,2252,0.551,25.1,1.3,1.7,3,0.064,0,-1.3,-1.3,0.4,0.439,-0.127014618,12.60802469,12608024.69,6614160,,
349,Ajay Mitchell,22,OKC,SG,36,1,597,0.587,16.2,0.6,0.9,1.5,0.122,-2.5,0.9,-1.6,0.1,0.829,-0.132644707,12.5308642,12530864.2,3000000,,
175,Kyle Filipowski,21,UTA,C,72,27,1522,0.594,18.7,1.5,1,2.5,0.078,-0.6,-0.3,-1,0.4,0.207,-0.134057525,12.4537037,12453703.7,3000000,,
120,Keldon Johnson,25,SAS,SF,77,0,1838,0.572,21.6,2.2,1,3.2,0.083,0,-1.6,-1.6,0.2,0.415,-0.136152064,12.37654321,12376543.21,19000000,,
345,Cory Joseph,33,ORL,PG,50,16,612,0.547,12.8,0.6,0.9,1.5,0.114,-2.3,1.4,-0.8,0.2,0.5,-0.136582559,12.29938272,12299382.72,3303771,,
327,DeAndre Jordan,36,DEN,C,56,5,691,0.621,12.8,0.9,0.9,1.8,0.127,-1.4,0.2,-1.2,0.2,0.61,-0.142288716,12.22222222,12222222.22,2087519,,
115,Buddy Hield,32,GSW,SG,82,22,1863,0.56,20.5,0.6,2.2,2.8,0.073,-0.7,-0.3,-1,0.5,0.585,-0.143910573,12.14506173,12145061.73,8780488,,
76,Dennis Schroder,31,DET,PG,28,8,705,0.515,19.6,0.9,0.5,1.5,0.1,-0.9,-1.2,-2.1,0,0.537,-0.14402952,12.06790123,12067901.23,13025250,,
355,Jarred Vanderbilt,25,LAL,PF,36,2,581,0.537,12.5,0.5,0.9,1.4,0.114,-2.3,1.3,-1,0.2,0.61,-0.146260694,11.99074074,11990740.74,10714286,,
251,Dalano Banton,25,POR,PG,67,7,1120,0.497,24.1,-0.3,1.1,0.8,0.033,-0.6,-0.2,-0.8,0.3,0.439,-0.151078575,11.91358025,11913580.25,2196970,,
181,D'Angelo Russell,28,LAL,PG,29,10,763,0.537,22.1,0.4,0.6,1,0.063,-0.7,-1,-1.7,0.1,0.61,-0.151414869,11.83641975,11836419.75,18692307,,
363,Jordan Goodwin,26,LAL,PG,29,5,543,0.541,14.1,0.2,0.7,1,0.084,-1.7,0.8,-0.8,0.2,0.61,-0.156572373,11.75925926,11759259.26,223718,,
94,Klay Thompson,34,DAL,SF,72,72,1965,0.552,21.8,0.7,1.1,1.8,0.045,0.7,-1.6,-1,0.5,0.476,-0.169944922,11.68209877,11682098.77,15873016,,
331,Marcus Smart,30,2TM,PG,34,7,680,0.529,20.6,0.1,0.6,0.7,0.051,-1.6,0.1,-1.5,0.1,,-0.173073557,11.60493827,11604938.27,20210284,,
134,Wendell Carter Jr.,25,ORL,C,68,51,1758,0.544,16,1.6,3,4.6,0.125,-2.2,0.9,-1.2,0.3,0.5,-0.174310287,11.52777778,11527777.78,11950000,,
123,CJ McCollum,33,NOP,PG,56,56,1832,0.55,27.2,1.3,0.2,1.5,0.038,1.2,-2.6,-1.4,0.3,0.256,-0.174693043,11.45061728,11450617.28,33333333,,
357,Monte Morris,29,PHO,PG,45,0,571,0.546,18.1,0.6,0.2,0.8,0.064,-1,-0.8,-1.8,0,0.439,-0.176948343,11.37345679,11373456.79,2087519,,
36,Dillon Brooks,29,HOU,SF,75,75,2388,0.555,17.7,2.7,2.5,5.1,0.103,-1.4,0,-1.4,0.4,0.634,-0.177829957,11.2962963,11296296.3,22255493,,
93,Devin Vassell,24,SAS,SG,64,53,1983,0.553,22.1,0.9,1.3,2.2,0.054,-0.3,-0.8,-1.1,0.4,0.415,-0.179571681,11.2191358,11219135.8,29347826,,
263,Jared Butler,24,PHI,SG,28,17,682,0.54,22.2,0.4,0.3,0.8,0.055,-0.4,-1.7,-2.1,0,0.293,-0.180319723,11.14197531,11141975.31,745726,,
122,P.J. Washington,26,DAL,PF,57,56,1835,0.556,20.4,0.3,2.1,2.4,0.062,-1.1,0.2,-0.9,0.5,0.476,-0.180938212,11.06481481,11064814.81,15500000,,
187,Brice Sensabaugh,21,UTA,SF,71,15,1432,0.612,21.5,0.9,0.3,1.2,0.042,0.4,-1.6,-1.2,0.3,0.207,-0.18965755,10.98765432,10987654.32,2571480,,
258,Jusuf Nurkic,30,2TM,C,51,32,1063,0.555,20.6,0,1.5,1.5,0.066,-2.2,0.9,-1.3,0.2,,-0.191819131,10.91049383,10910493.83,18125000,,
278,Jordan Clarkson,32,UTA,SG,37,9,962,0.54,27.8,0.2,0.2,0.4,0.021,0.6,-2.1,-1.5,0.1,0.207,-0.193944613,10.83333333,10833333.33,14092577,,
205,Trey Lyles,29,SAC,PF,69,5,1349,0.551,14.3,1.3,1.2,2.6,0.091,-0.4,-0.3,-0.7,0.4,0.488,-0.194195482,10.75617284,10756172.84,8000000,,
346,Zeke Nnaji,24,DEN,PF,57,4,608,0.574,12.2,0.6,0.6,1.2,0.097,-2.1,0.7,-1.3,0.1,0.61,-0.196920564,10.67901235,10679012.35,8888889,,
150,Kevin Huerter,26,CHI,SG,26,16,780,0.566,17.8,0.5,0.6,1.1,0.066,-1.2,-0.3,-1.5,0.1,0.476,-0.198067225,10.60185185,10601851.85,16830357,,
323,Talen Horton-Tucker,24,CHI,SG,58,0,724,0.567,21.6,0.6,0.5,1.1,0.075,-1.4,-1.1,-2.4,-0.1,0.476,-0.198858182,10.52469136,10524691.36,2087519,,
300,Garrison Mathews,28,ATL,SG,47,2,830,0.606,15.9,1,0.5,1.5,0.087,-1.1,-0.5,-1.6,0.1,0.488,-0.208608531,10.44753086,10447530.86,2230253,,
347,Kessler Edwards,24,DAL,SF,40,18,608,0.597,11.1,0.6,0.6,1.2,0.096,-2,0.6,-1.4,0.1,0.476,-0.208826474,10.37037037,10370370.37,578577,,
348,Pat Connaughton,32,MIL,SG,41,1,603,0.567,15.6,0.6,0.6,1.2,0.093,-1.4,-0.8,-2.3,0,0.585,-0.221092993,10.29320988,10293209.88,9423869,,
142,Ochai Agbaji,24,TOR,SG,64,45,1739,0.601,14.6,1.6,1.5,3.1,0.087,-0.9,0.2,-0.7,0.5,0.366,-0.222443951,10.21604938,10216049.38,4310280,,
78,Russell Westbrook,36,DEN,PG,75,36,2092,0.532,23.8,-0.1,2.1,1.9,0.045,-0.9,-0.2,-1.1,0.5,0.61,-0.224588048,10.13888889,10138888.89,5631296,,
193,Terance Mann,28,LAC,SG,37,12,732,0.533,14,0.4,1,1.4,0.093,-2.5,1.2,-1.3,0.1,0.61,-0.22578853,9.990740741,9990740.741,11423077,,
179,Dalton Knecht,23,LAL,SF,78,16,1494,0.594,18.5,1.7,1,2.7,0.086,-0.1,-1.7,-1.8,0.1,0.61,-0.225721398,10.0617284,10061728.4,3819120,,
354,Olivier-Maxence Prosper,22,DAL,PF,52,4,584,0.484,16.3,0.3,0.5,0.9,0.072,-1.6,-0.5,-2.1,0,0.476,-0.226085966,9.944444444,9944444.444,2870400,,
147,Georges Niang,31,CLE,PF,51,1,1053,0.617,16.5,1.1,1.1,2.2,0.099,-1.3,-0.5,-1.8,0.1,0.78,-0.226623256,9.898148148,9898148.148,8500000,,
332,Jalen Pickett,25,DEN,SG,49,4,666,0.545,13.2,0.8,0.3,1.1,0.078,-0.8,-0.7,-1.5,0.1,0.61,-0.227679874,9.851851852,9851851.852,1891857,,
237,Jarace Walker,21,IND,PF,75,5,1187,0.59,17.1,0.1,1.5,1.6,0.065,-1.8,0.8,-0.9,0.3,0.61,-0.229904421,9.805555556,9805555.556,6362520,,
316,Gui Santos,22,GSW,PF,56,2,762,0.575,13.2,0.8,0.9,1.7,0.11,-2.2,0.5,-1.7,0.1,0.585,-0.230386109,9.759259259,9759259.259,1891857,,
306,Karlo Matkovic,23,NOP,PF,42,7,791,0.639,15.9,1,0.6,1.6,0.096,-1.9,-0.2,-2,0,0.256,-0.233733548,9.712962963,9712962.963,1407153,,
336,Reed Sheppard,20,HOU,PG,52,3,654,0.465,17.8,-0.3,1,0.8,0.055,-3,1.3,-1.7,0.1,0.634,-0.234905102,9.666666667,9666666.667,10098960,,
252,Ben Simmons,28,2TM,PG,51,24,1120,0.539,13.2,0.5,1.3,1.8,0.078,-2.3,1.8,-0.5,0.4,,-0.237691194,9.62037037,9620370.37,40011909,,
193,Terance Mann,28,2TM,SG,67,13,1414,0.584,14.7,1.7,1.3,3,0.101,-1.4,0,-1.3,0.2,,-0.255817916,9.574074074,9574074.074,11423077,,
252,Ben Simmons,28,BRK,PG,33,24,825,0.562,14.3,0.3,0.9,1.1,0.065,-2.4,1.4,-1,0.2,0.317,-0.257926186,9.527777778,9527777.778,40011909,,
335,Kyle Lowry,38,PHI,PG,35,12,659,0.525,10.1,0.6,0.4,1,0.07,-2.8,1.5,-1.3,0.1,0.293,-0.26538139,9.481481481,9481481.481,2087519,,
202,Jose Alvarado,26,NOP,PG,56,23,1366,0.523,19.8,0.7,0.5,1.2,0.043,-0.6,-0.8,-1.4,0.2,0.256,-0.265777108,9.435185185,9435185.185,1988598,,
259,Seth Curry,34,CHO,SG,68,14,1062,0.616,15.7,1.3,0.5,1.8,0.08,-0.8,-0.9,-1.7,0.1,0.232,-0.266101298,9.388888889,9388888.889,2087519,,
196,Ayo Dosunmu,25,CHI,SG,46,26,1394,0.585,16.6,1.6,1,2.5,0.087,-1.4,-0.2,-1.6,0.1,0.476,-0.267492681,9.342592593,9342592.593,7000000,,
298,Shake Milton,28,2TM,SG,57,2,837,0.563,16.7,0.8,0.5,1.3,0.077,-1.7,-0.5,-2.2,0,,-0.273977284,9.296296296,9296296.296,2875000,,
70,Spencer Dinwiddie,31,DAL,PG,79,30,2136,0.553,17.9,2.4,1.2,3.7,0.082,-0.9,-0.7,-1.6,0.2,0.476,-0.276586627,9.25,9250000,2087519,,
374,Keaton Wallace,25,ATL,PG,31,5,501,0.503,16.4,-0.1,0.5,0.4,0.034,-3.3,1,-2.3,0,0.488,-0.277218448,9.203703704,9203703.704,578577,,
268,Dejounte Murray,28,NOP,PG,31,31,1012,0.494,27.3,-0.7,0.9,0.2,0.009,-1.3,-0.3,-1.6,0.1,0.256,-0.278294457,9.157407407,9157407.407,29517135,,
147,Georges Niang,31,ATL,PF,28,2,644,0.595,20.3,0.4,0.3,0.7,0.051,-0.8,-2.3,-3.1,-0.2,0.488,-0.278406431,9.111111111,9111111.111,8500000,,
226,Moussa Diabate,23,CHO,C,71,8,1241,0.609,13.4,1.8,1.5,3.2,0.125,-1.4,-0.4,-1.9,0,0.232,-0.278963566,9.064814815,9064814.815,957763,,
137,Amir Coffey,27,LAC,SG,72,13,1748,0.614,15.3,2.4,1.7,4,0.111,-1.5,-0.2,-1.7,0.1,0.61,-0.285649709,9.018518519,9018518.519,3938271,,
315,Eric Gordon,36,PHI,SG,39,13,768,0.591,14.4,0.7,0.2,0.9,0.053,-0.8,-0.8,-1.6,0.1,0.293,-0.287625791,8.972222222,8972222.222,3303771,,
340,Delon Wright,32,2TM,PG,40,7,635,0.44,11.3,0,0.7,0.7,0.053,-2.8,1.4,-1.4,0.1,,-0.291164058,8.925925926,8925925.926,2087519,,
307,Caleb Houstan,22,ORL,SF,58,6,788,0.605,11.7,0.9,0.9,1.8,0.109,-2.4,0.2,-2.2,0,0.5,-0.291791896,8.833333333,8833333.333,2019699,,
130,Duncan Robinson,30,MIA,SF,74,37,1785,0.595,19.2,1.3,1.4,2.7,0.071,-0.7,-1.1,-1.7,0.1,0.451,-0.291770608,8.87962963,8879629.63,19406000,,
240,Cody Martin,29,CHO,SF,39,8,967,0.528,14.6,0.3,1,1.3,0.063,-2.3,1.1,-1.2,0.2,0.232,-0.300037375,8.787037037,8787037.037,8120000,,
101,Julian Champagnie,23,SAS,SF,82,29,1932,0.577,17.2,1.3,1.2,2.5,0.062,-0.3,-0.9,-1.3,0.4,0.415,-0.300861167,8.740740741,8740740.741,3000000,,
106,Gary Trent Jr.,26,MIL,SG,74,9,1893,0.591,17.1,1.6,1.7,3.3,0.084,-1.2,-0.4,-1.6,0.2,0.585,-0.308035127,8.694444444,8694444.444,2087519,,
173,Jerami Grant,30,POR,PF,47,47,1524,0.523,19.4,0.6,1.2,1.8,0.057,-1.4,-0.3,-1.6,0.1,0.439,-0.312391334,8.648148148,8648148.148,29793104,,
319,Andre Drummond,31,PHI,C,40,23,751,0.535,19.1,0.2,1,1.2,0.078,-2.4,-0.8,-3.2,-0.2,0.293,-0.313399152,8.601851852,8601851.852,5000000,,
373,Jamal Cain,25,NOP,SF,37,0,502,0.544,17,0.1,0.2,0.4,0.036,-2.5,-0.8,-3.4,-0.2,0.256,-0.325835828,8.555555556,8555555.556,578577,,
287,Adem Bona,21,PHI,C,58,11,905,0.714,14.3,1.4,0.9,2.3,0.121,-2.9,0.2,-2.7,-0.2,0.293,-0.327993747,8.509259259,8509259.259,1157153,,
207,Bogdan Bogdanovic,32,2TM,SG,54,4,1348,0.559,18.7,0.7,1.2,1.9,0.069,-1.8,-0.2,-2,0,,-0.329599393,8.462962963,8462962.963,17260000,,
369,Colby Jones,22,2TM,SG,39,0,515,0.544,13.7,0.1,0.4,0.6,0.053,-3.3,0.4,-2.8,-0.1,,-0.331690509,8.416666667,8416666.667,2120693,,
242,Precious Achiuwa,25,NYK,C,57,10,1170,0.53,14.9,0.7,1.7,2.3,0.095,-2.1,0.2,-1.9,0,0.622,-0.337703007,8.37037037,8370370.37,6000000,,
314,Orlando Robinson,24,TOR,C,35,8,713,0.523,18.6,0.4,0.7,1.1,0.074,-2.9,-0.5,-3.5,-0.3,0.366,-0.343398209,8.324074074,8324074.074,1691610,,
317,Landry Shamet,27,NYK,SG,50,0,762,0.601,14.8,0.5,0.5,1,0.065,-1.9,-0.6,-2.4,-0.1,0.622,-0.345151728,8.277777778,8277777.778,1343690,,
334,Antonio Reeves,24,NOP,SG,44,6,660,0.579,18.8,0.4,0,0.4,0.029,-1.2,-2,-3.2,-0.2,0.256,-0.345475971,8.231481481,8231481.481,1157153,,
333,Tosan Evbuomwan,23,BRK,SF,28,0,665,0.53,19.1,0,0.6,0.6,0.044,-3,-0.3,-3.2,-0.2,0.317,-0.347165337,8.185185185,8185185.185,331365,,
125,Dorian Finney-Smith,31,2TM,PF,63,40,1818,0.604,12.3,1.5,1.4,2.9,0.078,-1.1,0.1,-1,0.5,,-0.348004333,8.138888889,8138888.889,14924167,,
264,Jamison Battle,23,TOR,SF,59,10,1042,0.59,15.3,1,0.7,1.7,0.079,-0.9,-1.3,-2.3,-0.1,0.366,-0.350933775,8.092592593,8092592.593,1000000,,
221,Nick Richards,27,PHO,C,36,34,816,0.645,17,1.3,0.6,1.9,0.112,-1.9,-2.1,-3.9,-0.4,0.439,-0.35540425,8.046296296,8046296.296,5000000,,
258,Jusuf Nurkic,30,PHO,C,25,23,592,0.556,18.7,-0.3,0.8,0.5,0.039,-3.9,0.5,-3.4,-0.2,0.439,-0.356493408,8,8000000,18125000,,
76,Dennis Schroder,31,3TM,PG,75,49,2105,0.531,21.6,1.5,1.7,3.2,0.073,-1.3,-0.9,-2.2,-0.1,,-0.359674176,7.953703704,7953703.704,13025250,,
314,Orlando Robinson,24,2TM,C,44,8,770,0.519,18.5,0.4,0.8,1.2,0.072,-3,-0.4,-3.4,-0.3,,-0.36191195,7.907407407,7907407.407,1691610,,
368,Rob Dillingham,20,MIN,PG,49,1,516,0.503,22.7,-0.4,0.6,0.1,0.012,-3.3,-0.9,-4.2,-0.3,0.598,-0.364441567,7.861111111,7861111.111,6262920,,
341,Jericho Sims,26,2TM,C,53,5,632,0.639,7.6,0.5,0.7,1.3,0.096,-3.1,0.1,-3,-0.2,,-0.366100794,7.814814815,7814814.815,2092344,,
72,Max Christie,21,LAL,SG,46,25,1154,0.598,13.9,1,0.9,2,0.081,-1.8,0,-1.8,0,0.61,-0.369854894,7.768518519,7768518.519,7142857,,
150,Kevin Huerter,26,SAC,SG,43,15,899,0.524,17.2,0.1,0.8,0.8,0.044,-2.3,0,-2.3,-0.1,0.488,-0.371174371,7.722222222,7722222.222,16830357,,
180,Kevin Porter Jr.,24,LAC,SG,45,2,884,0.476,25.9,-1.2,1.4,0.2,0.011,-3.2,0.7,-2.5,-0.1,0.61,-0.372271866,7.675925926,7675925.926,3366937,,
366,Bismack Biyombo,32,SAS,C,28,26,528,0.576,12.3,0.2,0.6,0.8,0.071,-3.6,0,-3.6,-0.2,0.415,-0.373499093,7.62962963,7629629.63,647851,,
218,Johnny Juzang,23,UTA,SG,64,18,1270,0.573,17.6,1.3,0.3,1.6,0.06,-0.9,-1.4,-2.3,-0.1,0.207,-0.373954119,7.583333333,7583333.333,3087519,,
283,Trendon Watford,24,BRK,PF,44,6,913,0.557,23.3,0,0.8,0.7,0.038,-2.3,-0.8,-3.1,-0.3,0.317,-0.376098141,7.537037037,7537037.037,2726603,,
271,Brandon Boston Jr.,23,NOP,SG,42,10,993,0.535,20,0.2,0.5,0.7,0.033,-2.3,-0.2,-2.5,-0.1,0.256,-0.3801347,7.490740741,7490740.741,596581,,
344,Daniel Theis,32,NOP,C,38,9,621,0.558,11.6,0.6,0.4,1,0.077,-3.3,0,-3.3,-0.2,0.256,-0.385593372,7.444444444,7444444.444,2087519,,
125,Dorian Finney-Smith,31,LAL,PF,43,20,1239,0.598,11.5,0.9,0.9,1.8,0.07,-1.6,0.1,-1.5,0.2,0.61,-0.387982942,7.398148148,7398148.148,14924167,,
147,Georges Niang,31,2TM,PF,79,3,1697,0.607,17.9,1.5,1.4,2.9,0.081,-1.1,-1.2,-2.3,-0.1,,-0.388343403,7.351851852,7351851.852,8500000,,
221,Nick Richards,27,2TM,C,57,43,1256,0.634,17.3,1.8,1.2,3,0.114,-2,-1.3,-3.3,-0.4,,-0.391752356,7.305555556,7305555.556,5000000,,
352,Cam Reddish,25,LAL,SF,33,8,589,0.498,8.8,0,0.6,0.7,0.054,-4.4,1.6,-2.7,-0.1,0.61,-0.394875261,7.259259259,7259259.259,2463946,,
312,Lindy Waters III,27,GSW,SG,38,9,655,0.498,14.6,0,0.8,0.8,0.057,-3.5,0.4,-3.1,-0.2,0.585,-0.401170149,7.212962963,7212962.963,2196970,,
310,Pelle Larsson,23,MIA,SG,55,8,782,0.546,14.4,0.6,0.8,1.4,0.086,-3.8,0.7,-3.1,-0.2,0.451,-0.405213936,7.12037037,7120370.37,1157153,,
133,Scoot Henderson,20,POR,PG,66,10,1759,0.54,22.5,0.4,1.4,1.8,0.049,-1.4,-0.8,-2.2,-0.1,0.439,-0.405088053,7.166666667,7166666.667,10259160,,
312,Lindy Waters III,27,2TM,SG,52,9,778,0.504,14.8,0.1,0.9,1,0.062,-3,0.2,-2.8,-0.2,,-0.409264637,7.074074074,7074074.074,2196970,,
324,Gary Harris,30,ORL,SG,48,3,711,0.524,9.5,0.1,0.9,1,0.067,-3.9,1.2,-2.7,-0.1,0.5,-0.418462891,7.027777778,7027777.778,7500000,,
362,Dillon Jones,23,OKC,SF,54,3,551,0.464,13.3,-0.1,0.9,0.8,0.067,-4.3,0.3,-4,-0.3,0.829,-0.423271062,6.981481481,6981481.481,2622360,,
240,Cody Martin,29,2TM,SF,53,8,1173,0.509,14.7,0.1,1.2,1.3,0.054,-2.8,1.1,-1.7,0.1,,-0.429812487,6.935185185,6935185.185,8120000,,
215,Jonathan Mogbo,23,TOR,PF,63,18,1286,0.496,15,0.3,1.6,1.9,0.071,-2.9,1,-1.9,0,0.366,-0.435320021,6.888888889,6888888.889,1862265,,
230,Ben Sheppard,23,IND,SG,63,9,1228,0.555,11.3,1,1,2.1,0.081,-2.2,0.2,-2,0,0.61,-0.437056944,6.842592593,6842592.593,2663880,,
170,Ziaire Williams,23,BRK,SF,63,45,1541,0.55,18.2,0.5,1.6,2.1,0.065,-2.2,-0.1,-2.3,-0.1,0.317,-0.444335542,6.796296296,6796296.296,6133005,,
16,Keegan Murray,24,SAC,PF,76,76,2610,0.553,15,2.4,2.1,4.4,0.082,-0.8,-0.8,-1.6,0.2,0.488,-0.454450046,6.75,6750000,8809560,,
318,Svi Mykhailiuk,27,UTA,SF,38,13,760,0.526,20.3,-0.2,0.1,-0.1,-0.009,-1.4,-2.1,-3.5,-0.3,0.207,-0.459857567,6.703703704,6703703.704,3500000,,
253,Ja'Kobe Walter,20,TOR,SG,52,18,1103,0.523,18.2,0.3,0.9,1.2,0.052,-2.3,-0.6,-3,-0.3,0.366,-0.464399964,6.657407407,6657407.407,3465000,,
150,Kevin Huerter,26,2TM,SG,69,31,1679,0.544,17.5,0.6,1.3,1.9,0.054,-1.8,-0.2,-2,0,,-0.464602511,6.611111111,6611111.111,16830357,,
177,Matas Buzelis,20,CHI,SF,80,31,1511,0.571,18.7,0.5,1.4,1.9,0.06,-2,-0.5,-2.5,-0.2,0.476,-0.46663559,6.564814815,6564814.815,5195520,,
107,Anthony Black,21,ORL,PG,78,10,1887,0.521,19.6,-0.6,3,2.4,0.061,-3.1,1.2,-1.9,0,0.5,-0.470383209,6.518518519,6518518.519,7607760,,
220,Javonte Green,31,NOP,SG,50,18,1092,0.569,10.9,0.8,0.6,1.4,0.063,-2.5,0.3,-2.2,0,0.256,-0.47080651,6.472222222,6472222.222,2328350,,
337,Herbert Jones,26,NOP,SF,20,20,648,0.541,14.6,0.1,0.3,0.4,0.033,-3.9,0.2,-3.6,-0.3,0.256,-0.473940857,6.425925926,6425925.926,12976362,,
227,Jeremiah Robinson-Earl,24,NOP,PF,66,9,1239,0.563,14.4,1.3,0.5,1.7,0.067,-0.9,-1.6,-2.5,-0.2,0.256,-0.474985972,6.37962963,6379629.63,2196970,,
46,Kentavious Caldwell-Pope,31,ORL,SG,77,77,2279,0.574,12.4,1.5,3.1,4.6,0.096,-3,1.6,-1.4,0.3,0.5,-0.478108545,6.333333333,6333333.333,22757000,,
84,Jaylen Wells,21,MEM,SG,79,74,2043,0.56,15.9,2.1,1.4,3.5,0.083,-1.2,-1,-2.2,-0.1,0.585,-0.480130638,6.287037037,6287037.037,1157153,,
262,Oso Ighodaro,22,PHO,PF,61,6,1045,0.61,10.5,1.1,0.6,1.6,0.075,-2.9,0.3,-2.6,-0.2,0.439,-0.485649458,6.240740741,6240740.741,1157153,,
281,Bruce Brown,28,NOP,PG,23,12,569,0.488,15.9,0.1,0.2,0.2,0.02,-3.4,-1.2,-4.6,-0.4,0.256,-0.485913397,6.194444444,6194444.444,23000000,,
155,Peyton Watson,22,DEN,SF,68,18,1656,0.564,13.9,1,1.5,2.5,0.073,-2.1,0.3,-1.8,0.1,0.61,-0.49518573,6.148148148,6148148.148,2413560,,
213,Tyrese Martin,25,BRK,SG,60,11,1315,0.533,18.8,0,0.9,0.9,0.033,-1.4,-1.2,-2.6,-0.2,0.317,-0.497367839,6.101851852,6101851.852,635853,,
219,Ron Holland,19,DET,SF,81,2,1266,0.556,18.1,0.2,1.5,1.8,0.067,-3.3,0.3,-3,-0.3,0.537,-0.500137977,6.055555556,6055555.556,8245320,,
79,Kelly Oubre Jr.,29,PHI,SF,60,57,2078,0.551,18.9,1.2,1.4,2.6,0.061,-1.7,-0.6,-2.3,-0.1,0.293,-0.501940602,6.009259259,6009259.259,7983000,,
233,Caleb Martin,29,PHI,SF,31,24,943,0.531,14.2,0.1,0.5,0.6,0.03,-2.3,-0.2,-2.5,-0.1,0.293,-0.502343979,5.962962963,5962962.963,9186594,,
68,Tim Hardaway Jr.,32,DET,SG,77,77,2153,0.567,15.5,2.1,1.4,3.5,0.077,-1.1,-0.9,-2.1,0,0.537,-0.504822572,5.916666667,5916666.667,16193183,,
207,Bogdan Bogdanovic,32,ATL,SG,24,0,598,0.502,18.9,-0.4,0.4,-0.1,-0.006,-4.1,-0.6,-4.7,-0.4,0.488,-0.511362422,5.87037037,5870370.37,17260000,,
69,Bennedict Mathurin,22,IND,SF,72,49,2149,0.579,22.8,1.3,1.8,3,0.068,-1.3,-1.5,-2.9,-0.5,0.61,-0.513214615,5.824074074,5824074.074,7245720,,
76,Dennis Schroder,31,GSW,SG,24,18,628,0.474,21.2,-0.5,0.7,0.2,0.012,-4.6,-0.6,-5.2,-0.5,0.585,-0.520683284,5.777777778,5777777.778,13025250,,
325,Micah Potter,26,UTA,C,38,10,705,0.563,10.3,0.2,0.3,0.4,0.03,-2.9,-0.6,-3.5,-0.3,0.207,-0.521208756,5.731481481,5731481.481,578577,,
249,Julian Phillips,21,CHI,SF,79,5,1123,0.571,12.9,1,0.8,1.9,0.08,-2.6,-0.4,-3,-0.3,0.476,-0.524177714,5.685185185,5685185.185,1891857,,
152,A.J. Green,25,MIL,SG,73,7,1659,0.621,12.6,1.6,1.3,2.8,0.082,-1.7,-0.4,-2.2,-0.1,0.585,-0.527854131,5.638888889,5638888.889,2120693,,
124,Haywood Highsmith,28,MIA,SF,74,42,1818,0.583,11.3,1.3,2.1,3.3,0.088,-2.7,0.9,-1.9,0.1,0.451,-0.53050869,5.546296296,5546296.296,5200000,,
228,Simone Fontecchio,29,DET,SF,75,0,1237,0.544,15.8,0.4,1.2,1.6,0.063,-2.2,-0.7,-2.9,-0.3,0.537,-0.530480711,5.592592593,5592592.593,7692308,,
72,Max Christie,21,DAL,SG,32,11,973,0.543,16.8,0,0.7,0.7,0.035,-2.4,-1,-3.4,-0.3,0.476,-0.532370463,5.5,5500000,7142857,,
329,Blake Wesley,21,SAS,SG,58,0,683,0.51,16.7,-0.3,0.4,0.2,0.011,-3.9,-0.3,-4.2,-0.4,0.415,-0.533789445,5.453703704,5453703.704,2624280,,
220,Javonte Green,31,2TM,SG,68,19,1258,0.541,11.8,0.7,0.9,1.6,0.063,-2.8,0.5,-2.3,-0.1,,-0.536822539,5.407407407,5407407.407,2328350,,
339,Maxi Kleber,33,DAL,PF,34,4,637,0.489,8.7,0,0.4,0.3,0.023,-4.2,0.4,-3.8,-0.3,0.476,-0.540336202,5.361111111,5361111.111,11000000,,
284,KJ Martin,24,2TM,PF,43,16,912,0.618,11.5,1.1,0.2,1.3,0.068,-3.2,-0.3,-3.6,-0.4,,-0.546560622,5.314814815,5314814.815,7975000,,
110,Andrew Nembhard,25,IND,SG,65,65,1881,0.545,16.3,1.1,1.7,2.8,0.071,-2.6,0.3,-2.3,-0.1,0.61,-0.549400473,5.268518519,5268518.519,2019699,,
281,Bruce Brown,28,2TM,PG,41,12,922,0.504,17.2,0.1,0.6,0.7,0.035,-3.2,-0.6,-3.8,-0.4,,-0.552641184,5.222222222,5222222.222,23000000,,
75,Keyonte George,21,UTA,PG,67,35,2109,0.539,24.3,0.9,0.1,1.1,0.024,-0.2,-2.5,-2.7,-0.3,0.207,-0.565883704,5.175925926,5175925.926,4084200,,
64,Taurean Prince,30,MIL,SF,80,73,2166,0.613,12.5,1.3,2.2,3.5,0.077,-2,0.3,-1.7,0.1,0.585,-0.57442378,5.12962963,5129629.63,2087519,,
273,Andre Jackson Jr.,23,MIL,SG,67,43,980,0.554,11.9,0.1,1,1.2,0.059,-3.6,0.2,-3.4,-0.3,0.585,-0.591709695,5.083333333,5083333.333,1891857,,
164,Gradey Dick,21,TOR,SG,54,54,1587,0.543,21,0.2,1.2,1.4,0.042,-1.9,-1.3,-3.2,-0.5,0.366,-0.59729657,5.037037037,5037037.037,4763760,,
326,Jett Howard,21,ORL,SF,60,0,701,0.491,19.2,-0.6,0.8,0.1,0.01,-4.1,-1.2,-5.3,-0.6,0.5,-0.598753654,4.988425926,4988425.926,5278320,,
157,Tristan Da Silva,23,ORL,SF,74,38,1629,0.522,15.2,0.5,1.9,2.5,0.073,-2.3,-0.3,-2.6,-0.3,0.5,-0.599125659,4.930555556,4930555.556,3628440,,
267,Kris Murray,24,POR,SF,69,6,1040,0.472,13.9,-0.2,0.9,0.7,0.033,-3.1,0.1,-3,-0.3,0.439,-0.613903818,4.872685185,4872685.185,2990040,,
244,Justin Edwards,21,PHI,SF,44,26,1155,0.559,16.9,0.4,0.5,0.9,0.039,-2.1,-1.6,-3.7,-0.5,0.293,-0.619436025,4.814814815,4814814.815,425619,,
272,Dalen Terry,22,CHI,SG,73,5,987,0.546,14.9,0.2,0.8,1.1,0.052,-4,0.2,-3.8,-0.5,0.476,-0.620024482,4.756944444,4756944.444,3510480,,
265,Noah Clowney,20,BRK,PF,46,20,1042,0.516,19,-0.3,0.8,0.5,0.023,-3.1,-1,-4.1,-0.5,0.317,-0.628787784,4.699074074,4699074.074,3244080,,
285,Jaden Hardy,22,DAL,SG,57,3,907,0.549,25.3,-0.8,0.5,-0.3,-0.016,-2.8,-1.9,-4.7,-0.6,0.476,-0.633376563,4.641203704,4641203.704,2019699,,
372,Elfrid Payton,30,2TM,PG,24,9,511,0.34,15.2,-0.9,0.3,-0.6,-0.057,-5.1,-1.3,-6.4,-0.6,,-0.643851479,4.583333333,4583333.333,789048,,
97,Yves Missi,20,NOP,C,73,67,1956,0.572,14.3,2.5,1.1,3.6,0.089,-1.6,-1.4,-3,-0.5,0.256,-0.669424911,4.525462963,4525462.963,3193200,,
100,Kyle Kuzma,29,MIL,PF,33,32,1049,0.545,21.4,-0.6,0.9,0.3,0.014,-2.9,-1.8,-4.7,-0.7,0.585,-0.682402014,4.467592593,4467592.593,24456061,,
100,Kyle Kuzma,29,WAS,PF,32,30,887,0.488,27.1,-1.7,0.4,-1.3,-0.068,-3,-2.3,-5.2,-0.7,0.22,-0.687995853,4.409722222,4409722.222,24456061,,
223,Ricky Council IV,23,PHI,SF,73,12,1250,0.502,20.3,0.1,0.5,0.6,0.023,-2,-2.3,-4.3,-0.7,0.293,-0.696282147,4.351851852,4351851.852,1891857,,
117,Zaccharie Risacher,19,ATL,SF,75,73,1843,0.558,20.9,0.6,1.1,1.8,0.046,-1.7,-1.8,-3.5,-0.7,0.488,-0.697754275,4.293981481,4293981.481,12569040,,
233,Caleb Martin,29,2TM,SF,45,24,1218,0.513,14.4,0,0.7,0.6,0.025,-2.9,-0.2,-3.2,-0.4,,-0.71004266,4.236111111,4236111.111,9186594,,
72,Max Christie,21,2TM,SG,78,36,2127,0.57,15.2,1.1,1.6,2.7,0.06,-2.1,-0.5,-2.5,-0.3,,-0.725658847,4.178240741,4178240.741,7142857,,
65,Stephon Castle,20,SAS,PG,81,47,2162,0.522,26,0.1,1,1.1,0.025,-1.5,-1.7,-3.2,-0.6,0.415,-0.726125088,4.12037037,4120370.37,9105120,,
88,Davion Mitchell,26,2TM,PG,74,37,2027,0.573,13.6,1.3,1.6,3,0.07,-2.8,0.2,-2.6,-0.3,,-0.749539201,4.0625,4062500,6451077,,
297,KJ Simpson,22,CHO,PG,36,15,842,0.437,19.1,-1,0.5,-0.4,-0.025,-4.5,-0.9,-5.4,-0.7,0.232,-0.753065864,4.00462963,4004629.63,578577,,
160,Corey Kispert,25,WAS,SF,61,0,1602,0.584,17.5,1,0.1,1.1,0.032,-1.4,-2.2,-3.7,-0.7,0.22,-0.763205757,3.946759259,3946759.259,5705887,,
154,Terry Rozier,30,MIA,PG,64,23,1658,0.497,20.4,-0.5,1.5,1,0.029,-2.6,-1,-3.7,-0.7,0.451,-0.779166696,3.888888889,3888888.889,24924126,,
88,Davion Mitchell,26,TOR,PG,44,22,1080,0.536,13.1,0,0.7,0.7,0.031,-4,-0.3,-4.3,-0.6,0.366,-0.794419781,3.831018519,3831018.519,6451077,,
308,Vasilije Micic,31,CHO,PG,36,16,764,0.462,20.3,-1.1,0.3,-0.9,-0.056,-4.4,-2.4,-6.8,-0.9,0.232,-0.803011534,3.773148148,3773148.148,7723000,,
198,Julian Strawther,22,DEN,SG,65,4,1384,0.559,17.8,0.5,0.8,1.3,0.043,-3.1,-1.4,-4.5,-0.9,0.61,-0.805292087,3.715277778,3715277.778,2552520,,
194,Ryan Dunn,22,PHO,SF,74,44,1410,0.517,16.7,0.2,0.7,1,0.034,-2.9,-1.2,-4.1,-0.7,0.439,-0.811817709,3.657407407,3657407.407,2530800,,
338,AJ Johnson,20,WAS,SG,22,11,595,0.478,17,-0.4,0,-0.4,-0.033,-5.8,-2.5,-8.3,-0.9,0.22,-0.817640575,3.599537037,3599537.037,2795294,,
184,Jamal Shead,22,TOR,PG,75,11,1467,0.499,18.6,-0.2,1.1,0.8,0.027,-3.2,-0.9,-4.1,-0.8,0.366,-0.822219251,3.541666667,3541666.667,1862265,,
126,Alex Sarr,19,WAS,C,67,67,1814,0.482,23.5,-1.6,1.3,-0.3,-0.007,-2.2,-1,-3.3,-0.6,0.22,-0.837993318,3.483796296,3483796.296,11245680,,
257,DaQuan Jeffries,27,CHO,SG,47,20,1071,0.518,13.5,0,0.6,0.6,0.027,-4,-0.7,-4.7,-0.7,0.232,-0.839358812,3.425925926,3425925.926,2425404,,
338,AJ Johnson,20,2TM,SG,29,11,639,0.48,17.4,-0.5,0,-0.4,-0.032,-5.6,-2.5,-8.1,-1,,-0.843494797,3.368055556,3368055.556,2795294,,
308,Vasilije Micic,31,2TM,PG,41,16,785,0.462,19.9,-1.2,0.2,-1,-0.06,-4.6,-2.4,-7,-1,,-0.848605476,3.310185185,3310185.185,7723000,,
102,Keon Johnson,22,BRK,SG,79,56,1925,0.499,21.7,-1.3,1.9,0.5,0.014,-3.1,-0.1,-3.3,-0.6,0.317,-0.8505222,3.252314815,3252314.815,2162606,,
166,Patrick Williams,23,CHI,PF,63,36,1576,0.512,16.9,-0.9,1.3,0.4,0.012,-3,-0.7,-3.7,-0.7,0.476,-0.911925968,3.194444444,3194444.444,18000000,,
171,Gabe Vincent,28,LAL,PG,72,11,1527,0.536,13.5,0.3,1,1.3,0.039,-3.8,-0.1,-4,-0.8,0.61,-0.953441132,3.136574074,3136574.074,11000000,,
86,Jalen Wilson,24,BRK,PF,79,22,2031,0.541,16.6,0.9,1,1.9,0.046,-2.6,-1.3,-3.9,-1,0.317,-0.984164739,3.078703704,3078703.704,1891857,,
212,Jordan Hawkins,22,NOP,SG,56,9,1321,0.504,21,-0.7,0.1,-0.5,-0.02,-2.4,-3,-5.4,-1.2,0.256,-0.988971442,3.020833333,3020833.333,4525680,,
99,Bilal Coulibaly,20,WAS,SF,59,59,1948,0.515,17.9,-0.6,0.9,0.3,0.008,-3,-0.7,-3.7,-0.8,0.22,-1.034291765,2.962962963,2962962.963,6945240,,
224,Tidjane Salaun,19,CHO,PF,60,10,1244,0.457,15.2,-0.9,0.9,0,0.002,-4.3,-0.8,-5.2,-1,0.232,-1.045651454,2.905092593,2905092.593,7488720,,
199,Nick Smith Jr.,20,CHO,SG,60,27,1369,0.502,20.8,-0.9,0.3,-0.5,-0.019,-3.2,-2.6,-5.7,-1.3,0.232,-1.079939393,2.847222222,2847222.222,2587200,,
128,Kyshawn George,21,WAS,SG,68,38,1802,0.503,15.9,-0.9,1.1,0.1,0.003,-3.8,-0.3,-4.1,-0.9,0.22,-1.155149913,2.789351852,2789351.852,2825520,,
108,Josh Green,24,CHO,SG,68,67,1887,0.559,11.8,0.4,1,1.5,0.037,-4.5,0.2,-4.3,-1.1,0.232,-1.217759614,2.731481481,2731481.481,12654321,,
100,Kyle Kuzma,29,2TM,PF,65,62,1936,0.514,24,-2.3,1.3,-0.9,-0.024,-2.9,-2,-4.9,-1.4,,-1.249781864,2.673611111,2673611.111,24456061,,
260,Cody Williams,20,UTA,SG,50,21,1060,0.419,12.5,-1.2,0.1,-1.2,-0.053,-6.1,-1.2,-7.3,-1.4,0.207,-1.276210679,2.615740741,2615740.741,5469120,,
119,Isaiah Collier,20,UTA,PG,71,46,1839,0.494,18.9,-1.3,0.5,-0.8,-0.021,-3.8,-1.5,-5.3,-1.6,0.207,-1.372590455,2.55787037,2557870.37,2512680,,
28,Bub Carrington,19,WAS,PG,82,57,2458,0.514,15.8,-0.4,0.6,0.2,0.005,-3.3,-1.3,-4.6,-1.6,0.22,-1.567614762,2.5,2500000,4454880,,
