Rk,Player,Age,Team,Pos,G,GS,MP,TS%,USG%,OWS,DWS,WS,WS/48,OBPM,DBPM,BPM,VORP,WIN %,VALUE,AAV,Salary,,,Max Salary,Multipler
22,Nikola Jokić,29,DEN,C,70,70,2571,0.663,29.5,12.7,3.8,16.4,0.307,9.9,3.3,13.3,9.8,0.61,5.037988167,59.42263279,"55,224,526",,,"55,224,526",929351.7201
18,Shai Gilgeous-Alexander,26,OKC,PG,76,76,2598,0.637,34.8,11.9,4.8,16.7,0.309,8.9,2.6,11.5,8.9,0.829,4.52368918,58.84526559,"54,687,949",,,,
44,Giannis Antetokounmpo,30,MIL,PF,67,67,2289,0.625,35.2,7.8,3.7,11.5,0.241,6.9,2.5,9.5,6.6,0.585,3.278797817,58.26789838,"54,151,372",,,,
30,Tyrese Haliburton,24,IND,PG,73,73,2451,0.616,21.6,8.1,2.3,10.4,0.204,5.7,0.2,5.8,4.9,0.61,2.45518134,57.69053118,"53,614,794",,,,
14,Jayson Tatum,26,BOS,PF,72,72,2624,0.582,31.2,5.3,4.2,9.5,0.174,4.4,0.8,5.2,4.8,0.744,2.23769883,57.11316397,"53,078,217",,,,
51,Stephen Curry,36,GSW,PG,70,70,2252,0.618,29.8,5.2,2.7,7.9,0.168,6.4,0,6.3,4.8,0.585,2.231280423,56.53579677,"52,541,640",,,,
33,Domantas Sabonis,28,SAC,C,70,70,2429,0.655,21.6,7.4,2.7,10.1,0.199,4.2,1.1,5.2,4.4,0.488,2.197212001,55.95842956,"52,005,063",,,,
32,LeBron James,40,LAL,SF,70,70,2444,0.604,30.1,4.9,2.8,7.7,0.152,4.9,0.7,5.6,4.7,0.61,2.118584889,55.38106236,"51,468,486",,,,
3,Anthony Edwards,23,MIN,SG,79,79,2871,0.595,31.4,4.6,3.8,8.4,0.14,4.4,0,4.3,4.6,0.598,2.017690712,54.80369515,"50,931,908",,,,
5,James Harden,35,LAC,PG,79,79,2789,0.582,29.6,4,4.3,8.3,0.143,3.5,0.8,4.3,4.4,0.61,1.934564187,54.22632794,"50,395,331",,,,
27,Karl-Anthony Towns,29,NYK,C,72,72,2517,0.63,27.4,6.3,3.8,10.1,0.193,3.5,0.1,3.6,3.5,0.622,1.855329339,53.64896074,"49,858,754",,,,
41,Jarrett Allen,26,CLE,C,82,82,2296,0.724,15.9,7.6,4,11.6,0.243,3,1.2,4.2,3.6,0.78,1.789390975,53.07159353,"49,322,177",,,,
63,Evan Mobley,23,CLE,PF,71,71,2167,0.633,23.2,5.3,3.8,9,0.2,3.1,1.5,4.6,3.6,0.78,1.78125556,52.49422633,"48,785,600",,,,
35,Alperen Şengün,22,HOU,C,76,76,2395,0.545,26.2,4.1,4.2,8.3,0.166,2.6,1.8,4.4,3.9,0.634,1.766715051,51.91685912,"48,249,022",,,,
13,Ivica Zubac,27,LAC,C,80,80,2624,0.641,19.5,7,4.7,11.7,0.215,2.3,0.8,3.1,3.4,0.61,1.747646063,51.33949192,"47,712,445",,,,
132,Luka Dončić,25,2TM,PG,50,50,1769,0.587,33.9,3.5,2.4,5.9,0.16,5.5,1.2,6.7,3.9,,1.702033954,50.76212471,"47,175,868",,,,
138,Jimmy Butler,35,2TM,SF,55,55,1746,0.626,20.8,6.6,2,8.7,0.238,4,1,4.9,3,,1.641560207,50.18475751,"46,639,291",,,,
40,Jalen Brunson,28,NYK,PG,65,65,2301,0.605,29.5,6.8,1.4,8.3,0.172,4.7,-1.3,3.3,3.1,0.622,1.619413131,49.6073903,"46,102,714",,,,
77,Damian Lillard,34,MIL,PG,58,58,2093,0.621,27.8,5.6,2,7.6,0.175,4.7,-0.6,4,3.2,0.585,1.608480832,49.03002309,"45,566,136",,,,
8,Tyler Herro,25,MIA,SG,77,77,2725,0.605,28,4.7,2.7,7.4,0.131,3.8,-0.7,3.1,3.5,0.451,1.570180122,48.45265589,"45,029,559",,,,
53,Jalen Williams,23,OKC,SG,69,69,2237,0.573,27.5,3.7,4.1,7.8,0.168,2.7,1.4,4,3.4,0.829,1.566336067,47.87528868,"44,492,982",,,,
20,Derrick White,30,BOS,SG,76,76,2574,0.606,19.8,5.1,3.4,8.5,0.158,2.7,0.8,3.5,3.6,0.744,1.551648103,47.29792148,"43,956,405",,,,
145,Anthony Davis,31,2TM,C,51,51,1706,0.588,30.4,3.7,3,6.7,0.188,3.9,1.5,5.4,3.2,,1.52825336,46.72055427,"43,419,827",,,,
54,Donovan Mitchell,28,CLE,SG,71,71,2232,0.575,30.9,4.8,2.8,7.6,0.163,3.8,-0.2,3.7,3.2,0.78,1.516576663,46.14318707,"42,883,250",,,,
39,Darius Garland,25,CLE,PG,75,75,2301,0.6,27.2,5.8,2.3,8.1,0.169,3.9,-0.8,3.1,3,0.78,1.513794716,45.56581986,"42,346,673",,,,
48,Payton Pritchard,27,BOS,PG,80,3,2271,0.633,19,6.1,2.5,8.6,0.183,3.4,0.2,3.5,3.2,0.744,1.493470881,44.98845266,"41,810,096",,,,
29,Cade Cunningham,23,DET,PG,70,70,2452,0.565,33.2,3,2.9,5.9,0.115,3.8,0.1,3.9,3.7,0.537,1.428847213,44.41108545,"41,273,519",,,,
57,Amen Thompson,22,HOU,SF,69,42,2225,0.602,17.5,4.1,3.9,8,0.172,1.4,2.6,4.1,3.4,0.634,1.374047158,43.83371824,"40,736,941",,,,
172,Victor Wembanyama,21,SAS,C,46,46,1527,0.594,30.4,1,2.8,3.8,0.118,3.6,2.9,6.5,3.3,0.415,1.296450379,43.25635104,"40,200,364",,,,
2,Josh Hart,29,NYK,SG,77,77,2897,0.611,15.3,5.4,3.8,9.2,0.153,1.1,1.8,2.8,3.6,0.622,1.291308089,42.67898383,"39,663,787",,,,
59,Desmond Bane,26,MEM,SG,69,68,2205,0.6,23.3,4,2.6,6.5,0.142,2.6,0.6,3.2,2.9,0.585,1.254661286,42.10161663,"39,127,210",,,,
49,Kevin Durant,36,PHO,PF,62,62,2265,0.642,28.7,4,1.2,5.2,0.111,3.9,-0.7,3.2,3,0.439,1.247602321,41.52424942,"38,590,633",,,,
85,Jalen Duren,21,DET,C,78,78,2034,0.703,16.4,5.9,3.4,9.2,0.218,1.6,1.5,3.1,2.7,0.537,1.239895093,40.94688222,"38,054,055",,,,
47,Nikola Vučević,34,CHI,C,73,72,2278,0.611,22.4,4.7,2.6,7.3,0.153,2.5,0.1,2.6,2.7,0.476,1.20834303,40.36951501,"37,517,478",,,,
23,Austin Reaves,26,LAL,SG,73,73,2550,0.616,23.7,5.6,2.1,7.6,0.144,2.4,-0.5,1.9,2.6,0.61,1.197028851,39.91685912,"37,096,802",,,,
197,Ty Jerome,27,CLE,SG,70,3,1392,0.643,23.6,4.2,1.8,5.9,0.204,3.5,0.8,4.3,2.2,0.78,1.155930825,39.68591224,"36,882,171",,,,
25,Pascal Siakam,30,IND,PF,78,78,2548,0.599,24.2,5,2.5,7.5,0.142,2.2,-0.5,1.7,2.4,0.61,1.108567586,39.45496536,"36,667,540",,,,
12,Bam Adebayo,27,MIA,C,78,78,2674,0.561,23.5,3.5,4,7.5,0.135,1,1,2,2.7,0.451,1.105680454,39.22401848,"36,452,909",,,,
234,Kristaps Porziņģis,29,BOS,C,42,42,1210,0.618,25.9,3.3,2,5.3,0.212,3.5,1.2,4.7,2.1,0.744,1.095139324,38.99307159,"36,238,278",,,,
89,Franz Wagner,23,ORL,SF,60,60,2023,0.558,31,2.6,3.1,5.6,0.133,2.6,0.5,3.1,2.6,0.5,1.070699586,38.76212471,"36,023,647",,,,
127,Kyrie Irving,32,DAL,SG,50,50,1804,0.594,27.4,3.4,1.3,4.6,0.124,3.9,-0.5,3.4,2.5,0.476,1.066289896,38.53117783,"35,809,016",,,,
58,Jaren Jackson Jr.,25,MEM,C,74,74,2207,0.591,28.1,3.2,3.2,6.4,0.139,1.6,0.8,2.3,2.4,0.585,1.031963171,38.30023095,"35,594,386",,,,
73,Josh Giddey,22,CHI,PG,70,69,2117,0.57,21.7,2.8,2.5,5.3,0.121,1.9,1.1,3,2.7,0.476,1.011371789,38.06928406,"35,379,755",,,,
129,Cameron Johnson,28,BRK,PF,57,57,1800,0.632,22.9,3.8,1.3,5.1,0.137,3.5,-0.4,3.1,2.3,0.317,1.010910371,37.83833718,"35,165,124",,,,
132,Luka Dončić,25,LAL,PG,28,28,984,0.59,34.5,2,1.4,3.4,0.164,5.5,1.1,6.5,2.1,0.61,0.984076799,37.6073903,"34,950,493",,,,
231,Daniel Gafford,26,DAL,C,57,31,1226,0.716,19.5,4.4,1.5,5.9,0.232,2.7,1.1,3.8,1.8,0.476,0.9681684,37.37644342,"34,735,862",,,,
138,Jimmy Butler,35,GSW,SF,30,30,980,0.617,20.6,3.7,1.2,4.9,0.242,3.8,1.2,5,1.7,0.585,0.967289385,37.14549654,"34,521,231",,,,
37,Rudy Gobert,32,MIN,C,72,72,2388,0.687,13,6.1,4,10.1,0.204,0.6,1.3,1.9,2.4,0.598,0.953862648,36.91454965,"34,306,600",,,,
295,Zion Williamson,24,NOP,PF,30,30,857,0.6,34.7,1.9,0.6,2.5,0.141,5.9,1,7,1.9,0.256,0.88566511,36.68360277,"34,091,969",,,,
163,Isaiah Hartenstein,26,OKC,C,57,53,1590,0.599,16.7,3.2,3.6,6.8,0.205,0.6,2.6,3.2,2.1,0.829,0.884567837,36.45265589,"33,877,338",,,,
66,Deni Avdija,24,POR,SF,72,54,2161,0.605,23.2,3.1,2.5,5.6,0.124,1.5,0.6,2.1,2.2,0.439,0.871971357,36.22170901,"33,662,708",,,,
151,Santi Aldama,24,MEM,PF,65,16,1660,0.588,18.5,2.9,2,5,0.144,2.5,0.7,3.2,2.2,0.585,0.838003805,35.99076212,"33,448,077",,,,
204,Luke Kornet,29,BOS,C,73,16,1361,0.683,11.4,4.8,2.2,7,0.246,1.6,1.7,3.3,1.8,0.744,0.824885925,35.75981524,"33,233,446",,,,
190,Tari Eason,23,HOU,PF,57,16,1420,0.567,19.4,2.1,2.9,5,0.169,1,2.6,3.6,2,0.634,0.81801182,35.52886836,"33,018,815",,,,
241,Mark Williams,23,CHO,C,44,41,1171,0.647,21.4,3.1,1.6,4.7,0.195,2.5,0.9,3.5,1.6,0.232,0.812423024,35.29792148,"32,804,184",,,,
4,Devin Booker,28,PHO,SG,75,75,2795,0.589,29.3,6.1,0.3,6.4,0.111,2.8,-2.4,0.4,1.7,0.439,0.809043118,35.0669746,"32,589,553",,,,
56,Julius Randle,30,MIN,PF,69,69,2226,0.593,25,3.6,2.6,6.2,0.134,1.5,-0.2,1.3,1.8,0.598,0.794518962,34.83602771,"32,374,922",,,,
165,Paolo Banchero,22,ORL,PF,46,46,1582,0.551,33.6,1.1,2.4,3.5,0.106,3.4,0.2,3.5,2.2,0.5,0.782793327,34.60508083,"32,160,291",,,,
138,Jimmy Butler,35,MIA,PF,25,25,766,0.638,21.1,2.9,0.8,3.7,0.233,4.2,0.6,4.8,1.3,0.451,0.761072884,34.37413395,"31,945,661",,,,
95,Tyrese Maxey,24,PHI,PG,52,52,1960,0.562,29.8,2.9,1,3.8,0.094,3.2,-1.1,2,2,0.293,0.744433664,34.14318707,"31,731,030",,,,
34,Jamal Murray,27,DEN,PG,67,67,2418,0.584,24,4.6,1.6,6.2,0.123,1.8,-1,0.8,1.7,0.61,0.73992183,33.91224018,"31,516,399",,,,
96,Norman Powell,31,LAC,SG,60,60,1958,0.615,26.1,2.9,2.3,5.3,0.129,1.7,-0.2,1.5,1.8,0.61,0.729142146,33.6812933,"31,301,768",,,,
71,Scottie Barnes,23,TOR,PF,65,65,2134,0.523,27,0.6,2.9,3.5,0.078,1.5,0.9,2.4,2.3,0.366,0.718171073,33.45034642,"31,087,137",,,,
7,Goga Bitadze,26,ATL,PG,76,76,2739,0.567,29.6,4.4,1.3,5.7,0.1,3.3,-2.7,0.5,1.7,0.488,0.716523304,33.21939954,"30,872,506",,,,
82,Onyeka Okongwu,24,ATL,C,74,40,2064,0.634,17.3,4.9,2.3,7.2,0.168,1.2,0.2,1.3,1.7,0.488,0.711641621,32.98845266,"30,657,875",,,,
60,Naz Reid,25,MIN,C,80,17,2200,0.577,21.5,2.4,3.3,5.7,0.125,0.8,0.8,1.6,2,0.598,0.710018063,32.75750577,"30,443,244",,,,
238,Kawhi Leonard,33,LAC,SF,37,37,1180,0.589,27.7,1.5,1.9,3.5,0.141,2.5,0.6,3.1,1.5,0.61,0.663265678,32.52655889,"30,228,613",,,,
17,Zach LaVine,29,2TM,SG,74,74,2602,0.639,25.3,3.7,1.4,5.1,0.094,2.3,-1.6,0.7,1.8,,0.657558226,32.29561201,"30,013,983",,,,
148,Jakob Poeltl,29,TOR,C,57,56,1686,0.641,18.7,3,2.5,5.5,0.158,0.7,1.3,2,1.7,0.366,0.656413649,32.06466513,"29,799,352",,,,
6,DeMar DeRozan,35,SAC,SF,77,77,2768,0.569,25,5.7,1.4,7.1,0.123,1.2,-1.2,-0.1,1.3,0.488,0.641089481,31.83371824,"29,584,721",,,,
176,Ja Morant,25,MEM,PG,50,50,1519,0.563,32.2,2,1.5,3.5,0.112,3.1,-0.7,2.4,1.7,0.585,0.640057737,31.60277136,"29,370,090",,,,
178,LaMelo Ball,23,CHO,PG,47,47,1505,0.536,35.9,0.9,1.1,2,0.065,4.1,-0.9,3.2,2,0.232,0.618843062,31.37182448,"29,155,459",,,,
9,OG Anunoby,27,NYK,PF,74,74,2706,0.591,19.7,3.7,2.8,6.5,0.116,0.7,0.1,0.7,1.9,0.622,0.606959882,31.1408776,"28,940,828",,,,
87,Miles Bridges,26,CHO,PF,64,64,2029,0.541,28,1.3,1.8,3.2,0.075,2.3,-0.5,1.8,2,0.232,0.605185026,30.90993072,"28,726,197",,,,
266,Alex Caruso,30,OKC,SG,54,3,1041,0.568,15.2,1.6,2.3,3.9,0.18,0.1,3.9,4,1.6,0.829,0.571276766,30.67898383,"28,511,566",,,,
188,Goga Bitadze,25,ORL,C,70,42,1430,0.631,14.3,2.8,3,5.8,0.195,-0.3,2.8,2.5,1.6,0.5,0.56639863,30.44803695,"28,296,936",,,,
149,Scotty Pippen Jr.,24,MEM,PG,79,21,1683,0.582,19.3,2.4,2.3,4.7,0.133,0,1.8,1.9,1.7,0.585,0.555961072,30.21709007,"28,082,305",,,,
167,Obi Toppin,26,IND,PF,79,4,1545,0.642,20.1,2.7,1.6,4.3,0.135,1.8,-0.1,1.7,1.4,0.61,0.541469355,29.99184893,"27,872,976",,,,
139,Aaron Wiggins,26,OKC,SG,76,26,1744,0.596,20.3,2.7,2.7,5.4,0.148,1.3,-0.2,1.1,1.4,0.829,0.539948943,29.85599783,"27,746,723",,,,
45,Malik Beasley,28,DET,SG,82,18,2283,0.59,22.5,2.9,1.8,4.7,0.1,2,-1.2,0.8,1.6,0.537,0.538233549,29.72014672,"27,620,469",,,,
11,Christian Braun,23,DEN,SG,79,77,2675,0.665,15.8,6.2,1.9,8,0.144,0.8,-0.5,0.3,1.6,0.61,0.534385938,29.58429561,"27,494,216",,,,
10,Jalen Green,22,HOU,SG,82,82,2697,0.544,27.3,1.9,3.2,5.1,0.092,1.1,-0.5,0.5,1.7,0.634,0.523866909,29.4484445,"27,367,963",,,,
309,Jaylin Williams,22,OKC,PF,47,9,784,0.594,14.6,1.5,1.7,3.3,0.199,1.5,2.7,4.3,1.2,0.829,0.500749937,29.3125934,"27,241,709",,,,
21,Dyson Daniels,21,ATL,SG,76,76,2571,0.545,18.2,1.3,3.7,5,0.093,-1.1,2.6,1.5,2.3,0.488,0.488099446,29.17674229,"27,115,456",,,,
17,Zach LaVine,29,CHI,SF,42,42,1432,0.637,26.6,2,1,3,0.101,2.7,-1,1.6,1.3,0.476,0.485900255,29.04089118,"26,989,202",,,,
158,Donte DiVincenzo,28,MIN,SG,62,10,1606,0.582,19.4,1.6,2.2,3.9,0.115,0.8,1.1,1.9,1.6,0.598,0.478006031,28.90504008,"26,862,949",,,,
185,Aaron Gordon,29,DEN,PF,51,42,1447,0.65,19,3.6,0.7,4.3,0.143,2.7,-1.5,1.2,1.2,0.61,0.476838666,28.76918897,"26,736,695",,,,
52,De'Aaron Fox,27,SAC,PG,45,45,1663,0.567,29.1,2.2,1.3,3.5,0.101,2,-0.8,1.2,1.3,0.488,0.474923853,28.63333786,"26,610,442",,,,
140,Walker Kessler,23,UTA,C,58,58,1740,0.66,13.7,3.6,1.8,5.4,0.149,1.1,0.7,1.8,1.7,0.207,0.473695781,28.49748675,"26,484,188",,,,
159,Isaiah Joe,25,OKC,SG,74,16,1604,0.617,17.2,2.9,2.2,5.1,0.153,1.4,-0.1,1.3,1.4,0.829,0.472018599,28.36163565,"26,357,935",,,,
321,Jay Huff,26,MEM,C,64,2,748,0.666,19.6,1.6,1,2.5,0.162,2.5,1,3.5,1.1,0.585,0.469825805,28.22578454,"26,231,681",,,,
358,Moritz Wagner,27,ORL,C,30,1,564,0.649,26.8,1,1,2,0.174,2.6,1.4,4,0.9,0.5,0.46205566,28.08993343,"26,105,428",,,,
118,Andrew Wiggins,29,2TM,SF,60,60,1842,0.566,24.5,1.9,2.1,4,0.104,1.2,-0.3,0.9,1.4,,0.448857339,27.95408233,"25,979,174",,,,
291,Chet Holmgren,22,OKC,C,32,32,877,0.599,22,1.1,2,3.2,0.173,0.5,1.9,2.4,1,0.829,0.44518653,27.81823122,"25,852,921",,,,
19,Michael Porter Jr.,26,DEN,SF,77,77,2593,0.617,20.2,4.6,1.8,6.4,0.118,1.6,-1.7,-0.1,1.2,0.61,0.443854727,27.68238011,"25,726,668",,,,
26,Brook Lopez,36,MIL,C,80,80,2546,0.624,15.8,3.6,2.9,6.6,0.124,0.4,0.4,0.8,1.8,0.585,0.440323194,27.546529,"25,600,414",,,,
282,Immanuel Quickley,25,TOR,PG,33,33,918,0.57,25.1,1.8,0.6,2.5,0.128,3.2,-1,2.2,1,0.366,0.43512147,27.4106779,"25,474,161",,,,
299,Dereck Lively II,20,DAL,C,36,29,833,0.704,13.6,2.4,1,3.4,0.199,1.1,2.2,3.3,1.1,0.476,0.433051491,27.27482679,"25,347,907",,,,
116,Trey Murphy III,24,NOP,SF,53,51,1854,0.598,23.7,3,0.5,3.5,0.091,2.1,-1.4,0.8,1.3,0.256,0.431373651,27.13897568,"25,221,654",,,,
52,De'Aaron Fox,27,2TM,PG,62,62,2241,0.56,28.3,2.6,1.7,4.3,0.093,1.3,-1,0.4,1.3,,0.428384137,27.00312458,"25,095,400",,,,
294,Chris Boucher,32,TOR,PF,50,0,862,0.615,21.2,1.7,1,2.7,0.148,2.9,-0.6,2.3,0.9,0.366,0.414151801,26.86727347,"24,969,147",,,,
174,Jonas Valančiūnas,32,2TM,C,81,21,1524,0.602,22.8,2.6,1.7,4.3,0.137,0.8,-0.1,0.6,1,,0.402583283,26.73142236,"24,842,893",,,,
98,Keon Ellis,25,SAC,SG,80,28,1948,0.664,12.7,2.7,2.2,5,0.122,-0.1,2,1.9,1.9,0.488,0.395916818,26.59557125,"24,716,640",,,,
141,De'Andre Hunter,27,2TM,SF,64,9,1740,0.623,22.8,3,1.4,4.4,0.122,1.2,-0.8,0.4,1,,0.390538897,26.45972015,"24,590,386",,,,
210,Ausar Thompson,22,DET,SF,59,48,1328,0.568,19.1,1.5,2.4,3.8,0.138,-0.8,2.5,1.7,1.2,0.537,0.38398034,26.32386904,"24,464,133",,,,
67,Jaylen Brown,28,BOS,SF,63,63,2158,0.555,28.9,2.3,2.9,5.2,0.115,0.4,-0.4,0,1.1,0.744,0.373975944,26.18801793,"24,337,880",,,,
192,T.J. McConnell,32,IND,PG,79,1,1415,0.547,23.4,1.5,1.7,3.2,0.109,0.6,0.6,1.2,1.2,0.61,0.372607392,26.05216683,"24,211,626",,,,
74,Fred VanVleet,30,HOU,PG,60,60,2111,0.515,17.7,2.4,2.8,5.2,0.119,-0.4,1.3,0.9,1.5,0.634,0.370301258,25.91631572,"24,085,373",,,,
118,Andrew Wiggins,29,GSW,SF,43,43,1296,0.566,23.5,1.7,1.5,3.2,0.119,1.4,-0.4,1,1,0.585,0.355898837,25.78046461,"23,959,119",,,,
161,Caris LeVert,30,2TM,SG,64,3,1596,0.582,19.4,2.4,1.6,4,0.119,0.8,0.1,0.9,1.2,,0.348424518,25.6446135,"23,832,866",,,,
330,Sandro Mamukelashvili,25,SAS,PF,61,0,681,0.628,20.8,1.6,0.6,2.2,0.152,3.3,-1,2.3,0.7,0.415,0.345824721,25.5087624,"23,706,612",,,,
216,Jalen Johnson,23,ATL,SF,36,36,1284,0.569,22.5,0.8,1.6,2.4,0.089,0.5,1.4,1.8,1.2,0.488,0.339651662,25.37291129,"23,580,359",,,,
356,Joel Embiid,30,PHI,C,19,19,574,0.58,34.2,0.9,0.5,1.4,0.118,3.7,-0.3,3.5,0.8,0.293,0.339018433,25.23706018,"23,454,105",,,,
136,Mike Conley,37,MIN,PG,71,64,1756,0.573,14.4,3,2.2,5.2,0.142,-0.1,1.3,1.2,1.4,0.598,0.322900941,25.10120907,"23,327,852",,,,
43,Anfernee Simons,25,POR,SG,70,70,2292,0.557,24.6,2.9,1.2,4.2,0.087,1.5,-1.5,-0.1,1.1,0.439,0.316059626,24.96535797,"23,201,598",,,,
180,Kevin Porter Jr.,24,MIL,SG,30,2,598,0.616,24.8,1.1,0.9,2,0.163,0.9,1.2,2.1,0.6,0.585,0.312387923,24.82950686,"23,075,345",,,,
62,Myles Turner,28,IND,C,72,72,2174,0.612,20.7,1.8,2.9,4.7,0.104,0,0.4,0.4,1.3,0.61,0.311622539,24.69365575,"22,949,091",,,,
42,Chris Paul,39,SAS,PG,82,82,2292,0.58,14,4.2,1.6,5.7,0.12,0.3,0.5,0.8,1.6,0.415,0.307145308,24.55780465,"22,822,838",,,,
232,John Collins,27,UTA,PF,40,31,1220,0.628,24.2,1.7,0.8,2.5,0.098,1.4,-0.4,1,0.9,0.207,0.294225437,24.42195354,"22,696,585",,,,
90,Quentin Grimes,24,2TM,SG,75,37,2013,0.595,22.8,2,1.4,3.4,0.081,1.3,-0.9,0.4,1.2,,0.292672321,24.28610243,"22,570,331",,,,
277,Jalen Smith,24,CHI,C,64,2,962,0.586,21,1.7,1.3,2.9,0.146,1.5,-0.6,0.9,0.7,0.476,0.285456709,24.15025132,"22,444,078",,,,
275,Trayce Jackson-Davis,24,GSW,C,62,37,967,0.587,17.1,1.9,1.4,3.4,0.167,0.3,0.9,1.2,0.8,0.585,0.275307622,24.01440022,"22,317,824",,,,
141,De'Andre Hunter,27,CLE,SF,27,5,676,0.634,20.5,1.4,0.8,2.2,0.157,1.6,0,1.6,0.6,0.78,0.273671607,23.87854911,"22,191,571",,,,
104,Jrue Holiday,34,BOS,PG,62,62,1896,0.565,15.8,2.8,2.4,5.1,0.13,-0.3,1,0.7,1.3,0.744,0.272878227,23.742698,"22,065,317",,,,
55,Harrison Barnes,32,SAS,PF,82,82,2230,0.656,15.7,5,0.5,5.6,0.12,1.7,-1.7,0,1.2,0.415,0.272062943,23.6068469,"21,939,064",,,,
143,Brandin Podziemski,21,GSW,SG,64,33,1716,0.557,18.3,1.9,2.3,4.2,0.117,-0.1,0.8,0.7,1.2,0.585,0.270432403,23.47099579,"21,812,810",,,,
296,Khris Middleton,33,MIL,SF,23,7,534,0.627,22,1.1,0.6,1.7,0.15,1.7,0.6,2.2,0.6,0.585,0.269901627,23.33514468,"21,686,557",,,,
235,Brandon Clarke,28,MEM,PF,64,18,1207,0.638,15.3,2.7,1.7,4.4,0.174,0,0.8,0.8,0.9,0.585,0.264896675,23.19929357,"21,560,303",,,,
90,Quentin Grimes,24,PHI,SG,28,25,943,0.592,27.5,1,0.6,1.6,0.083,2.7,-1.5,1.2,0.8,0.293,0.244629405,23.06344247,"21,434,050",,,,
114,RJ Barrett,24,TOR,SF,58,58,1869,0.547,28.7,0.6,1.7,2.4,0.061,1.2,-0.7,0.6,1.2,0.366,0.233467461,22.92759136,"21,307,796",,,,
183,Luke Kennard,28,MEM,SG,65,11,1472,0.631,14.5,2.6,1.3,3.9,0.127,0.9,0.2,1.1,1.2,0.585,0.230440113,22.79174025,"21,181,543",,,,
217,Max Strus,28,CLE,SF,50,37,1273,0.607,14.7,2.2,1.3,3.4,0.13,1.1,0.2,1.3,1.1,0.78,0.229591452,22.65588915,"21,055,290",,,,
153,Al Horford,38,BOS,C,60,42,1659,0.563,13.8,2,2.4,4.4,0.129,0.1,1.1,1.2,1.3,0.744,0.224606229,22.52003804,"20,929,036",,,,
279,Gary Payton II,32,GSW,SG,62,11,927,0.635,16.1,1.5,1.5,3,0.155,-0.5,2,1.4,0.8,0.585,0.222925313,22.38418693,"20,802,783",,,,
174,Jonas Valančiūnas,32,SAC,C,32,9,541,0.604,20.9,1.3,0.7,2.1,0.183,0.6,0.5,1.1,0.4,0.488,0.222549281,22.24833582,"20,676,529",,,,
286,Day'Ron Sharpe,23,BRK,C,50,2,907,0.568,19.9,1.3,1.4,2.7,0.141,0,0.9,0.9,0.7,0.317,0.221972522,22.11248472,"20,550,276",,,,
91,Jordan Poole,25,WAS,SG,68,68,2001,0.591,29,1.2,0.8,2,0.047,2,-1.6,0.4,1.2,0.22,0.210187018,21.97663361,"20,424,022",,,,
169,Sam Hauser,27,BOS,PF,71,19,1541,0.632,14.3,2.6,1.8,4.4,0.136,0.9,-0.1,0.8,1.1,0.744,0.208033105,21.8407825,"20,297,769",,,,
288,Tre Jones,25,2TM,PG,46,9,905,0.617,14.1,2.3,0.6,2.9,0.155,0.5,1,1.5,0.8,,0.203423009,21.7049314,"20,171,515",,,,
270,Kyle Anderson,31,2TM,PF,61,4,1002,0.538,15.9,1.3,1.5,2.8,0.135,-0.6,2.2,1.5,0.9,,0.201648869,21.56908029,"20,045,262",,,,
1,Mikal Bridges,28,NYK,SF,82,82,3036,0.585,19.6,3.7,2,5.7,0.09,0.4,-0.9,-0.5,1.2,0.622,0.200872747,21.43322918,"19,919,008",,,,
111,Cason Wallace,21,OKC,SG,68,43,1876,0.562,12.8,1.8,3.4,5.2,0.133,-1.5,2.6,1,1.5,0.829,0.196998974,21.29737807,"19,792,755",,,,
161,Caris LeVert,30,CLE,SF,38,3,904,0.58,18.1,1.3,1,2.3,0.124,0.5,0.7,1.2,0.7,0.78,0.191376464,21.16152697,"19,666,501",,,,
174,Jonas Valančiūnas,32,WAS,C,49,12,983,0.602,23.8,1.3,1,2.3,0.112,0.8,-0.5,0.4,0.6,0.22,0.186335808,21.02567586,"19,540,248",,,,
191,Zach Edey,22,MEM,C,66,55,1416,0.624,16.4,2.7,2.2,4.9,0.165,-0.2,0.1,-0.1,0.7,0.585,0.186187136,20.88982475,"19,413,995",,,,
276,Thomas Bryant,27,2TM,C,66,8,963,0.614,17.1,1.8,1.2,3.1,0.152,0.7,0,0.6,0.6,,0.185676871,20.75397364,"19,287,741",,,,
225,Bobby Portis,29,MIL,PF,49,7,1244,0.542,24.1,0.9,1.9,2.7,0.106,0.6,-0.4,0.2,0.7,0.585,0.183722957,20.61812254,"19,161,488",,,,
276,Thomas Bryant,27,IND,C,56,8,848,0.613,17.6,1.6,1,2.6,0.15,0.9,-0.2,0.7,0.6,0.61,0.182160246,20.48227143,"19,035,234",,,,
38,Tobias Harris,32,DET,PF,73,73,2305,0.571,17.6,2.3,2.9,5.2,0.108,-0.5,0.6,0.1,1.2,0.537,0.181403842,20.34642032,"18,908,981",,,,
296,Khris Middleton,33,2TM,SF,37,21,843,0.588,22,1.2,0.8,2,0.116,0.4,0.3,0.7,0.6,,0.17668622,20.21056922,"18,782,727",,,,
61,Tyus Jones,28,PHO,PG,81,58,2174,0.585,16.2,4,0.3,4.4,0.096,1.4,-1.3,0.1,1.1,0.439,0.17242457,20.07471811,"18,656,474",,,,
270,Kyle Anderson,31,GSW,PF,36,3,541,0.522,15.7,0.6,0.9,1.5,0.132,-0.3,2.6,2.3,0.6,0.585,0.151813427,19.96535797,"18,554,840",,,,
15,Jaden McDaniels,24,MIN,PF,82,82,2614,0.562,16.3,2.3,3.9,6.3,0.115,-1.4,1.4,0,1.4,0.598,0.146966575,19.88837567,"18,483,296",,,,
248,Kenrich Williams,30,OKC,PF,69,7,1132,0.587,15.4,1.6,1.9,3.6,0.151,-0.4,0.9,0.6,0.7,0.829,0.142411695,19.81139338,"18,411,753",,,,
109,Nic Claxton,25,BRK,C,70,62,1882,0.569,16.8,1.8,2.5,4.3,0.11,-1.1,1.5,0.4,1.1,0.317,0.139198193,19.73441109,"18,340,209",,,,
364,Richaun Holmes,31,WAS,PF,31,7,534,0.695,14.7,1.6,0.4,2,0.178,1.2,0,1.1,0.4,0.22,0.138615237,19.65742879,"18,268,665",,,,
256,Jonathan Isaac,27,ORL,PF,71,1,1090,0.512,16.2,0.8,2.5,3.4,0.148,-1.1,1.8,0.7,0.7,0.5,0.138035002,19.5804465,"18,197,122",,,,
247,Kevon Looney,28,GSW,C,76,6,1142,0.535,13.3,2.2,2.1,4.3,0.182,-1,1.3,0.3,0.7,0.585,0.137478868,19.5034642,"18,125,578",,,,
342,Josh Okogie,26,2TM,SG,40,7,625,0.567,19.5,0.6,0.7,1.3,0.1,-0.1,1.6,1.5,0.6,,0.133038716,19.42648191,"18,054,034",,,,
301,Cam Whitmore,20,HOU,SF,51,3,827,0.549,23.9,0.6,1.2,1.8,0.106,0.7,-0.4,0.3,0.5,0.634,0.129685467,19.34949962,"17,982,491",,,,
31,Coby White,24,CHI,SG,74,73,2450,0.601,24.4,3,1.5,4.5,0.088,0.5,-1.4,-0.9,0.7,0.476,0.124730267,19.27251732,"17,910,947",,,,
161,Caris LeVert,30,ATL,SG,26,0,692,0.583,21.2,1.1,0.5,1.6,0.112,1.1,-0.7,0.4,0.4,0.488,0.114961035,19.19553503,"17,839,403",,,,
189,Kel'el Ware,20,MIA,C,64,36,1422,0.603,17.2,1.7,2.5,4.1,0.14,-0.7,0.6,-0.1,0.7,0.451,0.114399568,19.11855273,"17,767,860",,,,
206,Jake LaRavia,23,MEM,PF,47,0,982,0.605,14.5,1.2,1.2,2.4,0.119,-0.2,1.5,1.3,0.8,0.585,0.108710553,19.04157044,"17,696,316",,,,
181,D'Angelo Russell,28,BRK,PG,29,26,717,0.508,25.9,0.2,0.7,0.9,0.063,0.8,0.2,1,0.5,0.317,0.106334965,18.96458814,"17,624,773",,,,
182,Lauri Markkanen,27,UTA,PF,47,47,1476,0.571,24,1.8,0.3,2.2,0.07,1.8,-2.1,-0.3,0.7,0.207,0.101201495,18.88760585,"17,553,229",,,,
76,Dennis Schröder,31,BRK,PG,23,23,772,0.588,23.8,1.1,0.5,1.6,0.099,1.1,-1.1,0,0.4,0.317,0.096839408,18.81062356,"17,481,685",,,,
81,Luguentz Dort,25,OKC,SF,71,71,2073,0.586,13.6,2.4,3.2,5.6,0.129,-0.6,0.8,0.2,1.2,0.829,0.095089622,18.73364126,"17,410,142",,,,
141,De'Andre Hunter,27,ATL,SF,37,4,1064,0.616,24.2,1.6,0.6,2.2,0.1,0.9,-1.4,-0.4,0.4,0.488,0.094757331,18.65665897,"17,338,598",,,,
186,Isaiah Stewart,23,DET,C,72,4,1434,0.616,12.4,2.1,2.2,4.3,0.144,-1.6,2.1,0.6,0.9,0.537,0.094417446,18.57967667,"17,267,054",,,,
135,Collin Sexton,26,UTA,SG,63,61,1758,0.593,27,2.5,-0.1,2.4,0.066,1.7,-2.3,-0.6,0.6,0.207,0.092364509,18.50269438,"17,195,511",,,,
17,Zach LaVine,29,SAC,SG,32,32,1170,0.642,23.7,1.7,0.4,2.1,0.086,1.8,-2.3,-0.4,0.5,0.488,0.089814346,18.42571209,"17,123,967",,,,
207,Bogdan Bogdanović,32,LAC,SG,30,4,750,0.608,18.6,1.1,0.9,2,0.128,0.1,0.1,0.2,0.4,0.61,0.084769486,18.34872979,"17,052,424",,,,
243,Nikola Jović,21,MIA,PF,46,10,1156,0.595,18.3,1.2,1.3,2.5,0.104,-0.3,0.6,0.3,0.7,0.451,0.083855568,18.2717475,"16,980,880",,,,
311,Cam Thomas,23,BRK,SG,25,23,781,0.575,32.6,0.8,0.4,1.2,0.071,2.8,-2.6,0.3,0.5,0.317,0.082762433,18.1947652,"16,909,336",,,,
118,Andrew Wiggins,29,MIA,SF,17,17,546,0.566,26.7,0.2,0.6,0.8,0.069,0.8,-0.1,0.7,0.4,0.451,0.074837985,18.11778291,"16,837,793",,,,
229,Cole Anthony,24,ORL,PG,67,22,1234,0.531,24.6,0,2,2,0.078,-0.8,0.9,0.1,0.7,0.5,0.070079203,18.04080062,"16,766,249",,,,
274,Zach Collins,27,2TM,PF,64,12,977,0.605,17.1,1.7,1,2.7,0.132,-0.8,0.8,0,0.5,,0.066099949,17.96381832,"16,694,705",,,,
375,Jock Landale,29,HOU,C,42,3,500,0.59,15.7,1,0.7,1.7,0.159,0,0.4,0.4,0.3,0.634,0.064897211,17.88683603,"16,623,162",,,,
328,Quinten Post,24,GSW,PF,42,14,686,0.595,19.6,0.8,0.9,1.7,0.116,0.1,0,0.1,0.4,0.585,0.064459584,17.80985373,"16,551,618",,,,
274,Zach Collins,27,CHI,PF,28,8,552,0.635,17.1,1.1,0.6,1.7,0.149,-0.1,0.2,0.1,0.3,0.476,0.061947632,17.73287144,"16,480,075",,,,
255,Cameron Payne,30,NYK,PG,72,5,1090,0.532,20.8,1.3,1,2.3,0.099,-0.1,-0.2,-0.2,0.5,0.622,0.059072615,17.65588915,"16,408,531",,,,
360,John Konchar,28,MEM,SG,46,4,558,0.592,8,0.6,0.9,1.5,0.131,-0.7,2.3,1.7,0.5,0.585,0.04751672,17.57890685,"16,336,987",,,,
343,Jeff Dowtin Jr.,27,PHI,PG,41,3,621,0.57,18.6,1.1,0.3,1.3,0.103,0.7,-0.5,0.2,0.3,0.293,0.041349756,17.50192456,"16,265,444",,,,
112,Derrick Jones Jr.,27,LAC,SF,77,55,1873,0.609,16.5,2.1,2.6,4.7,0.12,-1,0.7,-0.3,0.8,0.61,0.041082899,17.42494226,"16,193,900",,,,
289,Jaden Ivey,22,DET,SG,30,30,898,0.569,26,0.3,0.8,1.2,0.062,0.8,-0.8,0,0.5,0.537,0.040146147,17.34795997,"16,122,356",,,,
351,Jared McCain,20,PHI,SG,23,8,592,0.589,24.7,0.6,0.1,0.7,0.057,1.8,-1.6,0.2,0.3,0.293,0.036930593,17.27097768,"16,050,813",,,,
245,Vit Krejci,24,ATL,PG,57,16,1153,0.661,12.9,1.8,0.8,2.6,0.11,0,0.7,0.7,0.8,0.488,0.035406402,17.19399538,"15,979,269",,,,
201,Nicolas Batum,36,LAC,PF,78,8,1367,0.633,9,1.5,2,3.5,0.124,-1.2,2,0.8,1,0.61,0.034125075,17.11701309,"15,907,726",,,,
162,Miles McBride,24,NYK,PG,64,10,1593,0.531,16.8,1.8,1.4,3.2,0.098,-0.4,0.4,0,0.8,0.622,0.028952615,17.04003079,"15,836,182",,,,
269,Jalen Suggs,23,ORL,PG,35,35,1002,0.536,27.5,-0.7,1.8,1.1,0.052,-0.8,1.3,0.4,0.6,0.5,0.028192593,16.9630485,"15,764,638",,,,
250,Aaron Nesmith,25,IND,SF,45,37,1123,0.653,17.4,1.9,1,2.9,0.126,0,-0.5,-0.5,0.4,0.61,0.027870879,16.8860662,"15,693,095",,,,
304,Steven Adams,31,HOU,C,58,3,794,0.541,13.6,1,1.3,2.3,0.137,0,0.3,0.3,0.5,0.634,0.015161205,16.80908391,"15,621,551",,,,
195,Sam Merrill,28,CLE,SG,71,4,1401,0.583,14.3,1.8,1.5,3.3,0.113,-0.4,0.7,0.3,0.8,0.78,0.013892952,16.73210162,"15,550,007",,,,
293,Alec Burks,33,MIA,SG,49,14,863,0.608,16.5,0.9,0.9,1.8,0.1,0,0.3,0.3,0.5,0.451,0.01208865,16.65511932,"15,478,464",,,,
254,Jaxson Hayes,24,LAL,C,56,35,1093,0.72,12.4,2.3,1.4,3.7,0.162,-1.6,1.3,-0.3,0.5,0.61,0.006905721,16.57813703,"15,406,920",,,,
246,Jonathan Kuminga,22,GSW,PF,47,10,1144,0.535,27.4,0.5,1.5,1.9,0.08,-0.5,-0.1,-0.6,0.4,0.585,0.006224356,16.50115473,"15,335,377",,,,
236,Deandre Ayton,26,POR,C,40,40,1206,0.583,19.4,1.2,1.6,2.8,0.113,-0.3,-0.4,-0.7,0.4,0.439,0.004818266,16.42417244,"15,263,833",,,,
305,Aaron Holiday,28,HOU,PG,62,3,792,0.594,16.8,1.2,0.8,2,0.122,-0.4,0.1,-0.2,0.3,0.634,0.00353927,16.34719015,"15,192,289",,,,
181,D'Angelo Russell,28,2TM,PG,58,36,1480,0.522,24,0.7,1.3,1.9,0.063,0,-0.4,-0.4,0.6,,0.001220998,16.27020785,"15,120,746",,,,
92,Draymond Green,34,GSW,PF,68,66,1983,0.534,15.9,0.3,3.4,3.7,0.088,-2.3,2.8,0.5,1.3,0.585,-0.001603436,16.19322556,"15,049,202",,,,
303,Marcus Sasser,24,DET,PG,57,1,811,0.589,19.4,1,0.8,1.8,0.108,-0.4,-0.2,-0.6,0.3,0.537,-0.006821252,16.11624326,"14,977,658",,,,
371,Tristan Vukcevic,21,WAS,C,35,1,513,0.608,25.7,0.3,0.4,0.7,0.069,0.4,-0.9,-0.5,0.2,0.22,-0.008818169,16.03926097,"14,906,115",,,,
292,Neemias Queta,25,BOS,C,62,6,863,0.674,13.7,1.8,1.4,3.2,0.179,-1.7,1,-0.7,0.3,0.744,-0.01020074,15.96227868,"14,834,571",,,,
168,Grayson Allen,29,PHO,SG,64,7,1544,0.631,17.6,2,0.6,2.5,0.079,0.7,-1,-0.3,0.7,0.439,-0.015885773,15.88529638,"14,763,028",,,,
83,Malik Monk,26,SAC,SG,65,45,2054,0.549,24.6,1.3,1.4,2.8,0.065,0.3,-1.1,-0.8,0.6,0.488,-0.018278389,15.80831409,"14,691,484",,,,
211,Donovan Clingan,20,POR,C,67,37,1324,0.574,14.2,1.8,2.2,4,0.144,-1.7,1.4,-0.3,0.6,0.439,-0.02121348,15.73133179,"14,619,940",,,,
103,Naji Marshall,27,DAL,SF,69,31,1919,0.584,20,2,1.5,3.5,0.087,-0.3,-0.5,-0.8,0.6,0.476,-0.02473941,15.6543495,"14,548,397",,,,
131,Kris Dunn,30,LAC,PG,74,58,1783,0.531,12.7,0.8,3.2,4,0.108,-2.8,3.4,0.6,1.2,0.61,-0.025285002,15.57736721,"14,476,853",,,,
206,Jake LaRavia,23,2TM,PF,66,0,1349,0.591,14.4,1.4,1.5,2.9,0.104,-0.8,1.1,0.2,0.8,,-0.030726955,15.50038491,"14,405,309",,,,
90,Quentin Grimes,24,DAL,SG,47,12,1070,0.599,18.5,1,0.8,1.7,0.078,0.1,-0.4,-0.3,0.5,0.476,-0.037715664,15.42340262,"14,333,766",,,,
24,Toumani Camara,24,POR,PF,78,78,2548,0.572,14.4,2.5,2.6,5.2,0.097,-0.9,0.8,-0.1,1.2,0.439,-0.040795161,15.34642032,"14,262,222",,,,
280,Brandon Miller,22,CHO,SF,27,27,924,0.54,27.7,-0.2,0.7,0.4,0.023,0.8,-0.8,0,0.4,0.232,-0.043144709,15.26943803,"14,190,678",,,,
361,Dwight Powell,33,DAL,C,55,3,551,0.713,7.6,1.2,0.5,1.7,0.147,-1.5,1.5,0,0.3,0.476,-0.043410373,15.19245574,"14,119,135",,,,
302,Ryan Rollins,22,MIL,PG,56,19,820,0.6,18.4,0.7,1,1.7,0.101,-1.4,0.9,-0.5,0.3,0.585,-0.044536929,15.11547344,"14,047,591",,,,
144,Jabari Smith Jr.,21,HOU,PF,57,39,1716,0.562,16.4,1.9,2.2,4.2,0.117,-0.8,0.1,-0.7,0.6,0.634,-0.046713873,15.03849115,"13,976,048",,,,
180,Kevin Porter Jr.,24,2TM,SG,75,4,1482,0.531,25.4,-0.1,2.3,2.2,0.072,-1.6,0.9,-0.6,0.5,,-0.049144536,14.96150885,"13,904,504",,,,
113,Rui Hachimura,26,LAL,PF,59,57,1869,0.619,15.8,2.8,1.5,4.3,0.11,-0.1,-0.6,-0.7,0.6,0.61,-0.050282569,14.88452656,"13,832,960",,,,
239,Clint Capela,30,ATL,C,55,41,1176,0.564,16.7,1.7,1.5,3.2,0.131,-0.6,-0.4,-1,0.3,0.488,-0.050559132,14.80754426,"13,761,417",,,,
367,Jaylen Clark,23,MIN,SG,40,4,522,0.598,12,0.9,0.7,1.6,0.147,-2.9,2.7,-0.2,0.2,0.598,-0.051700213,14.73056197,"13,689,873",,,,
121,Royce O'Neale,31,PHO,SF,75,22,1837,0.585,15.5,1.6,1.2,2.8,0.073,0.2,-0.1,0.1,1,0.439,-0.052392558,14.65357968,"13,618,329",,,,
320,Jabari Walker,22,POR,SF,60,1,749,0.601,16.3,1,1,2,0.128,-1.2,0.5,-0.8,0.2,0.439,-0.057035697,14.57659738,"13,546,786",,,,
322,Drew Eubanks,27,UTA,C,37,4,568,0.632,14.8,0.8,0.4,1.2,0.1,-0.9,0.9,0,0.3,0.207,-0.057472036,14.49961509,"13,475,242",,,,
80,Nickeil Alexander-Walker,26,MIN,SG,82,10,2073,0.579,16,2,2.3,4.3,0.099,-0.8,0.4,-0.4,0.8,0.598,-0.057947463,14.42263279,"13,403,699",,,,
222,Dean Wade,28,CLE,PF,59,30,1252,0.563,10.4,1.3,1.7,3,0.113,-1,1.2,0.3,0.7,0.78,-0.058249564,14.3456505,"13,332,155",,,,
263,Jared Butler,24,2TM,SG,60,17,1044,0.549,23.6,1,0.4,1.4,0.063,0.5,-1.5,-1,0.3,,-0.064583895,14.26866821,"13,260,611",,,,
290,Kelly Olynyk,33,2TM,C,44,22,891,0.609,18.5,1,0.7,1.7,0.092,-1.1,0.4,-0.7,0.3,,-0.068666281,14.19168591,"13,189,068",,,,
125,Dorian Finney-Smith,31,BRK,PF,20,20,579,0.613,14.2,0.7,0.5,1.1,0.094,-0.1,0.1,0,0.3,0.317,-0.071811509,14.11470362,"13,117,524",,,,
313,Lonzo Ball,27,CHI,PG,35,14,777,0.524,15.9,0.3,0.9,1.2,0.075,-1.5,1.7,0.2,0.4,0.476,-0.082058232,14.03772132,"13,045,980",,,,
365,Mouhamed Gueye,22,ATL,PF,33,28,533,0.52,15.7,0.4,0.8,1.2,0.106,-1.6,1,-0.6,0.2,0.488,-0.082599741,13.96073903,"12,974,437",,,,
350,Brandon Ingram,27,NOP,SF,18,18,595,0.56,30.2,-0.2,0.2,0,0.001,1.4,-1.7,-0.3,0.3,0.256,-0.084224167,13.88375674,"12,902,893",,,,
208,Justin Champagnie,23,WAS,SF,62,31,1340,0.614,15.6,1.6,1.2,2.8,0.1,-0.3,-0.2,-0.5,0.5,0.22,-0.088679976,13.80677444,"12,831,350",,,,
146,Bradley Beal,31,PHO,SG,53,38,1702,0.598,22.1,1.9,0.6,2.4,0.068,-0.1,-1,-1.1,0.4,0.439,-0.088819416,13.72979215,"12,759,806",,,,
353,Jae'Sean Tate,29,HOU,SF,52,2,588,0.557,13.3,0.8,0.8,1.6,0.133,-2.1,1.4,-0.7,0.2,0.634,-0.093133404,13.65280985,"12,688,262",,,,
214,Mason Plumlee,34,PHO,C,74,21,1300,0.645,10.8,2.4,1.3,3.7,0.136,-1.5,1,-0.6,0.5,0.439,-0.094377433,13.57582756,"12,616,719",,,,
359,Malcolm Brogdon,32,WAS,PG,24,13,564,0.544,23.7,0.6,0.1,0.7,0.061,-0.1,-1.5,-1.5,0.1,0.22,-0.094791188,13.49884527,"12,545,175",,,,
156,Moses Moody,22,GSW,SG,74,34,1649,0.578,17.4,1.7,1.8,3.5,0.102,-0.9,0,-0.9,0.5,0.585,-0.095499844,13.42186297,"12,473,631",,,,
322,Drew Eubanks,27,2TM,C,61,4,746,0.622,15.1,1,0.7,1.7,0.107,-1.2,0.6,-0.7,0.3,,-0.102819121,13.34488068,"12,402,088",,,,
203,Jeremy Sochan,21,SAS,PF,54,23,1364,0.589,19,1.7,1.1,2.7,0.096,-0.8,-0.4,-1.2,0.3,0.415,-0.104672468,13.26789838,"12,330,544",,,,
209,Paul George,34,PHI,PF,41,41,1334,0.543,23.5,-0.2,1.2,1,0.036,-0.5,0.1,-0.4,0.5,0.293,-0.106066077,13.19091609,"12,259,001",,,,
105,Guerschon Yabusele,29,PHI,C,70,43,1895,0.616,16.3,2.9,1,3.9,0.099,0.1,-1.1,-1,0.5,0.293,-0.109024063,13.1139338,"12,187,457",,,,
200,Jaime Jaquez Jr.,23,MIA,SF,66,17,1368,0.543,20.2,0.5,1.8,2.3,0.081,-1.4,0.5,-0.9,0.4,0.451,-0.113824393,13.0369515,"12,115,913",,,,
52,De'Aaron Fox,27,SAS,PG,17,17,578,0.537,26,0.5,0.4,0.9,0.071,-0.6,-1.4,-2,0,0.415,-0.114587416,12.95996921,"12,044,370",,,,
193,Terance Mann,28,ATL,SG,30,1,682,0.629,15.4,1.3,0.3,1.6,0.111,-0.1,-1.2,-1.3,0.1,0.488,-0.120614774,12.88298691,"11,972,826",,,,
261,Isaac Okoro,24,CLE,SG,55,22,1053,0.587,12.5,1.5,1,2.5,0.115,-1.1,0.6,-0.5,0.4,0.78,-0.121416862,12.80600462,"11,901,282",,,,
290,Kelly Olynyk,33,NOP,C,20,20,508,0.596,18.2,0.6,0.3,0.8,0.077,-1.4,0,-1.4,0.1,0.256,-0.12326522,12.72902232,"11,829,739",,,,
88,Davion Mitchell,26,MIA,PG,30,15,947,0.611,14.2,1.3,1,2.3,0.114,-1.5,0.8,-0.6,0.3,0.451,-0.125056194,12.65204003,"11,758,195",,,,
50,Shaedon Sharpe,21,POR,SG,72,52,2252,0.551,25.1,1.3,1.7,3,0.064,0,-1.3,-1.3,0.4,0.439,-0.127401781,12.57505774,"11,686,652",,,,
349,Ajay Mitchell,22,OKC,SG,36,1,597,0.587,16.2,0.6,0.9,1.5,0.122,-2.5,0.9,-1.6,0.1,0.829,-0.132830341,12.49807544,"11,615,108",,,,
175,Kyle Filipowski,21,UTA,C,72,27,1522,0.594,18.7,1.5,1,2.5,0.078,-0.6,-0.3,-1,0.4,0.207,-0.134349093,12.42109315,"11,543,564",,,,
120,Keldon Johnson,25,SAS,SF,77,0,1838,0.572,21.6,2.2,1,3.2,0.083,0,-1.6,-1.6,0.2,0.415,-0.136506343,12.34411085,"11,472,021",,,,
345,Cory Joseph,33,ORL,PG,50,16,612,0.547,12.8,0.6,0.9,1.5,0.114,-2.3,1.4,-0.8,0.2,0.5,-0.136743545,12.26712856,"11,400,477",,,,
327,DeAndre Jordan,36,DEN,C,56,5,691,0.621,12.8,0.9,0.9,1.8,0.127,-1.4,0.2,-1.2,0.2,0.61,-0.142457954,12.19014627,"11,328,933",,,,
115,Buddy Hield,32,GSW,SG,82,22,1863,0.56,20.5,0.6,2.2,2.8,0.073,-0.7,-0.3,-1,0.5,0.585,-0.144263596,12.11316397,"11,257,390",,,,
76,Dennis Schröder,31,DET,PG,28,8,705,0.515,19.6,0.9,0.5,1.5,0.1,-0.9,-1.2,-2.1,0,0.537,-0.144275472,12.03618168,"11,185,846",,,,
355,Jarred Vanderbilt,25,LAL,PF,36,2,581,0.537,12.5,0.5,0.9,1.4,0.114,-2.3,1.3,-1,0.2,0.61,-0.146431975,11.95919938,"11,114,303",,,,
251,Dalano Banton,25,POR,PG,67,7,1120,0.497,24.1,-0.3,1.1,0.8,0.033,-0.6,-0.2,-0.8,0.3,0.439,-0.15139863,11.88221709,"11,042,759",,,,
181,D'Angelo Russell,28,LAL,PG,29,10,763,0.537,22.1,0.4,0.6,1,0.063,-0.7,-1,-1.7,0.1,0.61,-0.151692559,11.8052348,"10,971,215",,,,
363,Jordan Goodwin,26,LAL,PG,29,5,543,0.541,14.1,0.2,0.7,1,0.084,-1.7,0.8,-0.8,0.2,0.61,-0.156756774,11.7282525,"10,899,672",,,,
94,Klay Thompson,34,DAL,SF,72,72,1965,0.552,21.8,0.7,1.1,1.8,0.045,0.7,-1.6,-1,0.5,0.476,-0.17035803,11.65127021,"10,828,128",,,,
331,Marcus Smart,30,2TM,PG,34,7,680,0.529,20.6,0.1,0.6,0.7,0.051,-1.6,0.1,-1.5,0.1,,-0.173358392,11.57428791,"10,756,584",,,,
134,Wendell Carter Jr.,25,ORL,C,68,51,1758,0.544,16,1.6,3,4.6,0.125,-2.2,0.9,-1.2,0.3,0.5,-0.174584217,11.49730562,"10,685,041",,,,
123,CJ McCollum,33,NOP,PG,56,56,1832,0.55,27.2,1.3,0.2,1.5,0.038,1.2,-2.6,-1.4,0.3,0.256,-0.175089038,11.42032333,"10,613,497",,,,
357,Monte Morris,29,PHO,PG,45,0,571,0.546,18.1,0.6,0.2,0.8,0.064,-1,-0.8,-1.8,0,0.439,-0.177208094,11.34334103,"10,541,953",,,,
36,Dillon Brooks,29,HOU,SF,75,75,2388,0.555,17.7,2.7,2.5,5.1,0.103,-1.4,0,-1.4,0.4,0.634,-0.178190042,11.26635874,"10,470,410",,,,
93,Devin Vassell,24,SAS,SG,64,53,1983,0.553,22.1,0.9,1.3,2.2,0.054,-0.3,-0.8,-1.1,0.4,0.415,-0.17999249,11.18937644,"10,398,866",,,,
263,Jared Butler,24,PHI,SG,28,17,682,0.54,22.2,0.4,0.3,0.8,0.055,-0.4,-1.7,-2.1,0,0.293,-0.180621657,11.11239415,"10,327,323",,,,
122,P.J. Washington,26,DAL,PF,57,56,1835,0.556,20.4,0.3,2.1,2.4,0.062,-1.1,0.2,-0.9,0.5,0.476,-0.181328297,11.03541186,"10,255,779",,,,
187,Brice Sensabaugh,21,UTA,SF,71,15,1432,0.612,21.5,0.9,0.3,1.2,0.042,0.4,-1.6,-1.2,0.3,0.207,-0.190043158,10.95842956,"10,184,235",,,,
258,Jusuf Nurkić,30,2TM,C,51,32,1063,0.555,20.6,0,1.5,1.5,0.066,-2.2,0.9,-1.3,0.2,,-0.19215683,10.88144727,"10,112,692",,,,
278,Jordan Clarkson,32,UTA,SG,37,9,962,0.54,27.8,0.2,0.2,0.4,0.021,0.6,-2.1,-1.5,0.1,0.207,-0.194280939,10.80446497,"10,041,148",,,,
205,Trey Lyles,29,SAC,PF,69,5,1349,0.551,14.3,1.3,1.2,2.6,0.091,-0.4,-0.3,-0.7,0.4,0.488,-0.19444366,10.72748268,"9,969,604",,,,
346,Zeke Nnaji,24,DEN,PF,57,4,608,0.574,12.2,0.6,0.6,1.2,0.097,-2.1,0.7,-1.3,0.1,0.61,-0.19714878,10.65050038,"9,898,061",,,,
150,Kevin Huerter,26,CHI,SG,26,16,780,0.566,17.8,0.5,0.6,1.1,0.066,-1.2,-0.3,-1.5,0.1,0.476,-0.19836242,10.57351809,"9,826,517",,,,
323,Talen Horton-Tucker,24,CHI,SG,58,0,724,0.567,21.6,0.6,0.5,1.1,0.075,-1.4,-1.1,-2.4,-0.1,0.476,-0.199178506,10.4965358,"9,754,974",,,,
300,Garrison Mathews,28,ATL,SG,47,2,830,0.606,15.9,1,0.5,1.5,0.087,-1.1,-0.5,-1.6,0.1,0.488,-0.208889149,10.4195535,"9,683,430",,,,
347,Kessler Edwards,24,DAL,SF,40,18,608,0.597,11.1,0.6,0.6,1.2,0.096,-2,0.6,-1.4,0.1,0.476,-0.209068365,10.34257121,"9,611,886",,,,
348,Pat Connaughton,32,MIL,SG,41,1,603,0.567,15.6,0.6,0.6,1.2,0.093,-1.4,-0.8,-2.3,0,0.585,-0.221371232,10.26558891,"9,540,343",,,,
142,Ochai Agbaji,24,TOR,SG,64,45,1739,0.601,14.6,1.6,1.5,3.1,0.087,-0.9,0.2,-0.7,0.5,0.366,-0.222739414,10.18860662,"9,468,799",,,,
78,Russell Westbrook,36,DEN,PG,75,36,2092,0.532,23.8,-0.1,2.1,1.9,0.045,-0.9,-0.2,-1.1,0.5,0.61,-0.225071581,10.11162433,"9,397,255",,,,
193,Terance Mann,28,LAC,SG,37,12,732,0.533,14,0.4,1,1.4,0.093,-2.5,1.2,-1.3,0.1,0.61,-0.226049085,10.03464203,"9,325,712",,,,
179,Dalton Knecht,23,LAL,SF,78,16,1494,0.594,18.5,1.7,1,2.7,0.086,-0.1,-1.7,-1.8,0.1,0.61,-0.226106647,9.974595843,"9,269,908",,,,
354,Olivier-Maxence Prosper,22,DAL,PF,52,4,584,0.484,16.3,0.3,0.5,0.9,0.072,-1.6,-0.5,-2.1,0,0.476,-0.226378899,9.928406467,"9,226,982",,,,
147,Georges Niang,31,CLE,PF,51,1,1053,0.617,16.5,1.1,1.1,2.2,0.099,-1.3,-0.5,-1.8,0.1,0.78,-0.226942806,9.88221709,"9,184,055",,,,
332,Jalen Pickett,25,DEN,SG,49,4,666,0.545,13.2,0.8,0.3,1.1,0.078,-0.8,-0.7,-1.5,0.1,0.61,-0.227946383,9.836027714,"9,141,129",,,,
237,Jarace Walker,21,IND,PF,75,5,1187,0.59,17.1,0.1,1.5,1.6,0.065,-1.8,0.8,-0.9,0.3,0.61,-0.230248151,9.789838337,"9,098,203",,,,
316,Gui Santos,22,GSW,PF,56,2,762,0.575,13.2,0.8,0.9,1.7,0.11,-2.2,0.5,-1.7,0.1,0.585,-0.230651649,9.743648961,"9,055,277",,,,
306,Karlo Matković,23,NOP,PF,42,7,791,0.639,15.9,1,0.6,1.6,0.096,-1.9,-0.2,-2,0,0.256,-0.234036781,9.697459584,"9,012,351",,,,
336,Reed Sheppard,20,HOU,PG,52,3,654,0.465,17.8,-0.3,1,0.8,0.055,-3,1.3,-1.7,0.1,0.634,-0.235228447,9.651270208,"8,969,425",,,,
252,Ben Simmons,28,2TM,PG,51,24,1120,0.539,13.2,0.5,1.3,1.8,0.078,-2.3,1.8,-0.5,0.4,,-0.237973583,9.605080831,"8,926,498",,,,
193,Terance Mann,28,2TM,SG,67,13,1414,0.584,14.7,1.7,1.3,3,0.101,-1.4,0,-1.3,0.2,,-0.256140333,9.558891455,"8,883,572",,,,
252,Ben Simmons,28,BRK,PG,33,24,825,0.562,14.3,0.3,0.9,1.1,0.065,-2.4,1.4,-1,0.2,0.317,-0.258230103,9.512702079,"8,840,646",,,,
335,Kyle Lowry,38,PHI,PG,35,12,659,0.525,10.1,0.6,0.4,1,0.07,-2.8,1.5,-1.3,0.1,0.293,-0.265686535,9.466512702,"8,797,720",,,,
202,Jose Alvarado,26,NOP,PG,56,23,1366,0.523,19.8,0.7,0.5,1.2,0.043,-0.6,-0.8,-1.4,0.2,0.256,-0.266219788,9.420323326,"8,754,794",,,,
259,Seth Curry,34,CHO,SG,68,14,1062,0.616,15.7,1.3,0.5,1.8,0.08,-0.8,-0.9,-1.7,0.1,0.232,-0.266452238,9.374133949,"8,711,868",,,,
196,Ayo Dosunmu,25,CHI,SG,46,26,1394,0.585,16.6,1.6,1,2.5,0.087,-1.4,-0.2,-1.6,0.1,0.476,-0.267876187,9.327944573,"8,668,941",,,,
298,Shake Milton,28,2TM,SG,57,2,837,0.563,16.7,0.8,0.5,1.3,0.077,-1.7,-0.5,-2.2,0,,-0.274341442,9.281755196,"8,626,015",,,,
70,Spencer Dinwiddie,31,DAL,PG,79,30,2136,0.553,17.9,2.4,1.2,3.7,0.082,-0.9,-0.7,-1.6,0.2,0.476,-0.277051278,9.23556582,"8,583,089",,,,
374,Keaton Wallace,25,ATL,PG,31,5,501,0.503,16.4,-0.1,0.5,0.4,0.034,-3.3,1,-2.3,0,0.488,-0.277563136,9.189376443,"8,540,163",,,,
268,Dejounte Murray,28,NOP,PG,31,31,1012,0.494,27.3,-0.7,0.9,0.2,0.009,-1.3,-0.3,-1.6,0.1,0.256,-0.278727767,9.143187067,"8,497,237",,,,
147,Georges Niang,31,ATL,PF,28,2,644,0.595,20.3,0.4,0.3,0.7,0.051,-0.8,-2.3,-3.1,-0.2,0.488,-0.278801447,9.096997691,"8,454,310",,,,
226,Moussa Diabaté,23,CHO,C,71,8,1241,0.609,13.4,1.8,1.5,3.2,0.125,-1.4,-0.4,-1.9,0,0.232,-0.279288572,9.050808314,"8,411,384",,,,
137,Amir Coffey,27,LAC,SG,72,13,1748,0.614,15.3,2.4,1.7,4,0.111,-1.5,-0.2,-1.7,0.1,0.61,-0.286028622,9.004618938,"8,368,458",,,,
315,Eric Gordon,36,PHI,SG,39,13,768,0.591,14.4,0.7,0.2,0.9,0.053,-0.8,-0.8,-1.6,0.1,0.293,-0.287967128,8.958429561,"8,325,532",,,,
340,Delon Wright,32,2TM,PG,40,7,635,0.44,11.3,0,0.7,0.7,0.053,-2.8,1.4,-1.4,0.1,,-0.291497674,8.912240185,"8,282,606",,,,
307,Caleb Houstan,22,ORL,SF,58,6,788,0.605,11.7,0.9,0.9,1.8,0.109,-2.4,0.2,-2.2,0,0.5,-0.292124597,8.866050808,"8,239,680",,,,
130,Duncan Robinson,30,MIA,SF,74,37,1785,0.595,19.2,1.3,1.4,2.7,0.071,-0.7,-1.1,-1.7,0.1,0.451,-0.292258475,8.819861432,"8,196,753",,,,
240,Cody Martin,29,CHO,SF,39,8,967,0.528,14.6,0.3,1,1.3,0.063,-2.3,1.1,-1.2,0.2,0.232,-0.300396948,8.773672055,"8,153,827",,,,
101,Julian Champagnie,23,SAS,SF,82,29,1932,0.577,17.2,1.3,1.2,2.5,0.062,-0.3,-0.9,-1.3,0.4,0.415,-0.301331025,8.727482679,"8,110,901",,,,
106,Gary Trent Jr.,26,MIL,SG,74,9,1893,0.591,17.1,1.6,1.7,3.3,0.084,-1.2,-0.4,-1.6,0.2,0.585,-0.308499803,8.681293303,"8,067,975",,,,
173,Jerami Grant,30,POR,PF,47,47,1524,0.523,19.4,0.6,1.2,1.8,0.057,-1.4,-0.3,-1.6,0.1,0.439,-0.312886031,8.635103926,"8,025,049",,,,
319,Andre Drummond,31,PHI,C,40,23,751,0.535,19.1,0.2,1,1.2,0.078,-2.4,-0.8,-3.2,-0.2,0.293,-0.313827213,8.58891455,"7,982,123",,,,
373,Jamal Cain,25,NOP,SF,37,0,502,0.544,17,0.1,0.2,0.4,0.036,-2.5,-0.8,-3.4,-0.2,0.256,-0.326240759,8.542725173,"7,939,196",,,,
287,Adem Bona,21,PHI,C,58,11,905,0.714,14.3,1.4,0.9,2.3,0.121,-2.9,0.2,-2.7,-0.2,0.293,-0.328367884,8.496535797,"7,896,270",,,,
207,Bogdan Bogdanović,32,2TM,SG,54,4,1348,0.559,18.7,0.7,1.2,1.9,0.069,-1.8,-0.2,-2,0,,-0.330087202,8.45034642,"7,853,344",,,,
369,Colby Jones,22,2TM,SG,39,0,515,0.544,13.7,0.1,0.4,0.6,0.053,-3.3,0.4,-2.8,-0.1,,-0.332064082,8.404157044,"7,810,418",,,,
242,Precious Achiuwa,25,NYK,C,57,10,1170,0.53,14.9,0.7,1.7,2.3,0.095,-2.1,0.2,-1.9,0,0.622,-0.33811179,8.357967667,"7,767,492",,,,
314,Orlando Robinson,24,TOR,C,35,8,713,0.523,18.6,0.4,0.7,1.1,0.074,-2.9,-0.5,-3.5,-0.3,0.366,-0.343850351,8.311778291,"7,724,565",,,,
317,Landry Shamet,27,NYK,SG,50,0,762,0.601,14.8,0.5,0.5,1,0.065,-1.9,-0.6,-2.4,-0.1,0.622,-0.345558779,8.265588915,"7,681,639",,,,
334,Antonio Reeves,24,NOP,SG,44,6,660,0.579,18.8,0.4,0,0.4,0.029,-1.2,-2,-3.2,-0.2,0.256,-0.345935046,8.219399538,"7,638,713",,,,
333,Tosan Evbuomwan,23,BRK,SF,28,0,665,0.53,19.1,0,0.6,0.6,0.044,-3,-0.3,-3.2,-0.2,0.317,-0.347624454,8.173210162,"7,595,787",,,,
125,Dorian Finney-Smith,31,2TM,PF,63,40,1818,0.604,12.3,1.5,1.4,2.9,0.078,-1.1,0.1,-1,0.5,,-0.348422699,8.127020785,"7,552,861",,,,
264,Jamison Battle,23,TOR,SF,59,10,1042,0.59,15.3,1,0.7,1.7,0.079,-0.9,-1.3,-2.3,-0.1,0.366,-0.351367258,8.080831409,"7,509,935",,,,
221,Nick Richards,27,PHO,C,36,34,816,0.645,17,1.3,0.6,1.9,0.112,-1.9,-2.1,-3.9,-0.4,0.439,-0.35585548,8.034642032,"7,467,008",,,,
258,Jusuf Nurkić,30,PHO,C,25,23,592,0.556,18.7,-0.3,0.8,0.5,0.039,-3.9,0.5,-3.4,-0.2,0.439,-0.35695189,7.988452656,"7,424,082",,,,
76,Dennis Schröder,31,3TM,PG,75,49,2105,0.531,21.6,1.5,1.7,3.2,0.073,-1.3,-0.9,-2.2,-0.1,,-0.36028642,7.942263279,"7,381,156",,,,
314,Orlando Robinson,24,2TM,C,44,8,770,0.519,18.5,0.4,0.8,1.2,0.072,-3,-0.4,-3.4,-0.3,,-0.362387333,7.896073903,"7,338,230",,,,
368,Rob Dillingham,20,MIN,PG,49,1,516,0.503,22.7,-0.4,0.6,0.1,0.012,-3.3,-0.9,-4.2,-0.3,0.598,-0.364923758,7.849884527,"7,295,304",,,,
341,Jericho Sims,26,2TM,C,53,5,632,0.639,7.6,0.5,0.7,1.3,0.096,-3.1,0.1,-3,-0.2,,-0.366512652,7.80369515,"7,252,378",,,,
72,Max Christie,21,LAL,SG,46,25,1154,0.598,13.9,1,0.9,2,0.081,-1.8,0,-1.8,0,0.61,-0.370281123,7.757505774,"7,209,451",,,,
150,Kevin Huerter,26,SAC,SG,43,15,899,0.524,17.2,0.1,0.8,0.8,0.044,-2.3,0,-2.3,-0.1,0.488,-0.371656706,7.711316397,"7,166,525",,,,
180,Kevin Porter Jr.,24,LAC,SG,45,2,884,0.476,25.9,-1.2,1.4,0.2,0.011,-3.2,0.7,-2.5,-0.1,0.61,-0.372798922,7.665127021,"7,123,599",,,,
366,Bismack Biyombo,32,SAS,C,28,26,528,0.576,12.3,0.2,0.6,0.8,0.071,-3.6,0,-3.6,-0.2,0.415,-0.373917019,7.618937644,"7,080,673",,,,
218,Johnny Juzang,23,UTA,SG,64,18,1270,0.573,17.6,1.3,0.3,1.6,0.06,-0.9,-1.4,-2.3,-0.1,0.207,-0.374470865,7.572748268,"7,037,747",,,,
283,Trendon Watford,24,BRK,PF,44,6,913,0.557,23.3,0,0.8,0.7,0.038,-2.3,-0.8,-3.1,-0.3,0.317,-0.376635902,7.526558891,"6,994,820",,,,
271,Brandon Boston Jr.,23,NOP,SG,42,10,993,0.535,20,0.2,0.5,0.7,0.033,-2.3,-0.2,-2.5,-0.1,0.256,-0.380668687,7.480369515,"6,951,894",,,,
344,Daniel Theis,32,NOP,C,38,9,621,0.558,11.6,0.6,0.4,1,0.077,-3.3,0,-3.3,-0.2,0.256,-0.386026196,7.434180139,"6,908,968",,,,
125,Dorian Finney-Smith,31,LAL,PF,43,20,1239,0.598,11.5,0.9,0.9,1.8,0.07,-1.6,0.1,-1.5,0.2,0.61,-0.388434014,7.387990762,"6,866,042",,,,
147,Georges Niang,31,2TM,PF,79,3,1697,0.607,17.9,1.5,1.4,2.9,0.081,-1.1,-1.2,-2.3,-0.1,,-0.388902944,7.341801386,"6,823,116",,,,
221,Nick Richards,27,2TM,C,57,43,1256,0.634,17.3,1.8,1.2,3,0.114,-2,-1.3,-3.3,-0.4,,-0.392271228,7.295612009,"6,780,190",,,,
352,Cam Reddish,25,LAL,SF,33,8,589,0.498,8.8,0,0.6,0.7,0.054,-4.4,1.6,-2.7,-0.1,0.61,-0.395318239,7.249422633,"6,737,263",,,,
312,Lindy Waters III,27,GSW,SG,38,9,655,0.498,14.6,0,0.8,0.8,0.057,-3.5,0.4,-3.1,-0.2,0.585,-0.401629156,7.203233256,"6,694,337",,,,
310,Pelle Larsson,23,MIA,SG,55,8,782,0.546,14.4,0.6,0.8,1.4,0.086,-3.8,0.7,-3.1,-0.2,0.451,-0.405673421,7.15704388,"6,651,411",,,,
133,Scoot Henderson,20,POR,PG,66,10,1759,0.54,22.5,0.4,1.4,1.8,0.049,-1.4,-0.8,-2.2,-0.1,0.439,-0.405732284,7.110854503,"6,608,485",,,,
312,Lindy Waters III,27,2TM,SG,52,9,778,0.504,14.8,0.1,0.9,1,0.062,-3,0.2,-2.8,-0.2,,-0.40973962,7.064665127,"6,565,559",,,,
324,Gary Harris,30,ORL,SG,48,3,711,0.524,9.5,0.1,0.9,1,0.067,-3.9,1.2,-2.7,-0.1,0.5,-0.418933237,7.018475751,"6,522,633",,,,
362,Dillon Jones,23,OKC,SF,54,3,551,0.464,13.3,-0.1,0.9,0.8,0.067,-4.3,0.3,-4,-0.3,0.829,-0.423742065,6.972286374,"6,479,706",,,,
240,Cody Martin,29,2TM,SF,53,8,1173,0.509,14.7,0.1,1.2,1.3,0.054,-2.8,1.1,-1.7,0.1,,-0.430319802,6.926096998,"6,436,780",,,,
215,Jonathan Mogbo,23,TOR,PF,63,18,1286,0.496,15,0.3,1.6,1.9,0.071,-2.9,1,-1.9,0,0.366,-0.435840889,6.879907621,"6,393,854",,,,
230,Ben Sheppard,23,IND,SG,63,9,1228,0.555,11.3,1,1,2.1,0.081,-2.2,0.2,-2,0,0.61,-0.437557498,6.833718245,"6,350,928",,,,
170,Ziaire Williams,23,BRK,SF,63,45,1541,0.55,18.2,0.5,1.6,2.1,0.065,-2.2,-0.1,-2.3,-0.1,0.317,-0.44495083,6.787528868,"6,308,002",,,,
16,Keegan Murray,24,SAC,PF,76,76,2610,0.553,15,2.4,2.1,4.4,0.082,-0.8,-0.8,-1.6,0.2,0.488,-0.455032698,6.741339492,"6,265,075",,,,
318,Svi Mykhailiuk,27,UTA,SF,38,13,760,0.526,20.3,-0.2,0.1,-0.1,-0.009,-1.4,-2.1,-3.5,-0.3,0.207,-0.460464999,6.695150115,"6,222,149",,,,
253,Ja'Kobe Walter,20,TOR,SG,52,18,1103,0.523,18.2,0.3,0.9,1.2,0.052,-2.3,-0.6,-3,-0.3,0.366,-0.465010267,6.648960739,"6,179,223",,,,
150,Kevin Huerter,26,2TM,SG,69,31,1679,0.544,17.5,0.6,1.3,1.9,0.054,-1.8,-0.2,-2,0,,-0.465237203,6.602771363,"6,136,297",,,,
177,Matas Buzelis,20,CHI,SF,80,31,1511,0.571,18.7,0.5,1.4,1.9,0.06,-2,-0.5,-2.5,-0.2,0.476,-0.467282932,6.556581986,"6,093,371",,,,
107,Anthony Black,21,ORL,PG,78,10,1887,0.521,19.6,-0.6,3,2.4,0.061,-3.1,1.2,-1.9,0,0.5,-0.471069821,6.51039261,"6,050,445",,,,
220,Javonte Green,31,NOP,SG,50,18,1092,0.569,10.9,0.8,0.6,1.4,0.063,-2.5,0.3,-2.2,0,0.256,-0.471343209,6.464203233,"6,007,518",,,,
337,Herbert Jones,26,NOP,SF,20,20,648,0.541,14.6,0.1,0.3,0.4,0.033,-3.9,0.2,-3.6,-0.3,0.256,-0.474479715,6.418013857,"5,964,592",,,,
227,Jeremiah Robinson-Earl,24,NOP,PF,66,9,1239,0.563,14.4,1.3,0.5,1.7,0.067,-0.9,-1.6,-2.5,-0.2,0.256,-0.475539536,6.37182448,"5,921,666",,,,
46,Kentavious Caldwell-Pope,31,ORL,SG,77,77,2279,0.574,12.4,1.5,3.1,4.6,0.096,-3,1.6,-1.4,0.3,0.5,-0.478661968,6.325635104,"5,878,740",,,,
84,Jaylen Wells,21,MEM,SG,79,74,2043,0.56,15.9,2.1,1.4,3.5,0.083,-1.2,-1,-2.2,-0.1,0.585,-0.480753614,6.279445727,"5,835,814",,,,
262,Oso Ighodaro,22,PHO,PF,61,6,1045,0.61,10.5,1.1,0.6,1.6,0.075,-2.9,0.3,-2.6,-0.2,0.439,-0.486198779,6.233256351,"5,792,888",,,,
281,Bruce Brown,28,NOP,PG,23,12,569,0.488,15.9,0.1,0.2,0.2,0.02,-3.4,-1.2,-4.6,-0.4,0.256,-0.486483118,6.187066975,"5,749,961",,,,
155,Peyton Watson,22,DEN,SF,68,18,1656,0.564,13.9,1,1.5,2.5,0.073,-2.1,0.3,-1.8,0.1,0.61,-0.495755816,6.140877598,"5,707,035",,,,
213,Tyrese Martin,25,BRK,SG,60,11,1315,0.533,18.8,0,0.9,0.9,0.033,-1.4,-1.2,-2.6,-0.2,0.317,-0.498042369,6.094688222,"5,664,109",,,,
219,Ron Holland,19,DET,SF,81,2,1266,0.556,18.1,0.2,1.5,1.8,0.067,-3.3,0.3,-3,-0.3,0.537,-0.500791045,6.048498845,"5,621,183",,,,
79,Kelly Oubre Jr.,29,PHI,SF,60,57,2078,0.551,18.9,1.2,1.4,2.6,0.061,-1.7,-0.6,-2.3,-0.1,0.293,-0.502667261,6.002309469,"5,578,257",,,,
233,Caleb Martin,29,PHI,SF,31,24,943,0.531,14.2,0.1,0.5,0.6,0.03,-2.3,-0.2,-2.5,-0.1,0.293,-0.502916909,5.956120092,"5,535,330",,,,
68,Tim Hardaway Jr.,32,DET,SG,77,77,2153,0.567,15.5,2.1,1.4,3.5,0.077,-1.1,-0.9,-2.1,0,0.537,-0.505465217,5.909930716,"5,492,404",,,,
207,Bogdan Bogdanović,32,ATL,SG,24,0,598,0.502,18.9,-0.4,0.4,-0.1,-0.006,-4.1,-0.6,-4.7,-0.4,0.488,-0.51199424,5.863741339,"5,449,478",,,,
69,Bennedict Mathurin,22,IND,SF,72,49,2149,0.579,22.8,1.3,1.8,3,0.068,-1.3,-1.5,-2.9,-0.5,0.61,-0.514003995,5.817551963,"5,406,552",,,,
76,Dennis Schröder,31,GSW,SG,24,18,628,0.474,21.2,-0.5,0.7,0.2,0.012,-4.6,-0.6,-5.2,-0.5,0.585,-0.521340406,5.771362587,"5,363,626",,,,
325,Micah Potter,26,UTA,C,38,10,705,0.563,10.3,0.2,0.3,0.4,0.03,-2.9,-0.6,-3.5,-0.3,0.207,-0.521795212,5.72517321,"5,320,700",,,,
249,Julian Phillips,21,CHI,SF,79,5,1123,0.571,12.9,1,0.8,1.9,0.08,-2.6,-0.4,-3,-0.3,0.476,-0.524768818,5.678983834,"5,277,773",,,,
152,A.J. Green,25,MIL,SG,73,7,1659,0.621,12.6,1.6,1.3,2.8,0.082,-1.7,-0.4,-2.2,-0.1,0.585,-0.528460239,5.632794457,"5,234,847",,,,
124,Haywood Highsmith,28,MIA,SF,74,42,1818,0.583,11.3,1.3,2.1,3.3,0.088,-2.7,0.9,-1.9,0.1,0.451,-0.531116658,5.586605081,"5,191,921",,,,
228,Simone Fontecchio,29,DET,SF,75,0,1237,0.544,15.8,0.4,1.2,1.6,0.063,-2.2,-0.7,-2.9,-0.3,0.537,-0.531124713,5.540415704,"5,148,995",,,,
72,Max Christie,21,DAL,SG,32,11,973,0.543,16.8,0,0.7,0.7,0.035,-2.4,-1,-3.4,-0.3,0.476,-0.533026357,5.494226328,"5,106,069",,,,
329,Blake Wesley,21,SAS,SG,58,0,683,0.51,16.7,-0.3,0.4,0.2,0.011,-3.9,-0.3,-4.2,-0.4,0.415,-0.534427562,5.448036952,"5,063,143",,,,
220,Javonte Green,31,2TM,SG,68,19,1258,0.541,11.8,0.7,0.9,1.6,0.063,-2.8,0.5,-2.3,-0.1,,-0.537431821,5.401847575,"5,020,216",,,,
339,Maxi Kleber,33,DAL,PF,34,4,637,0.489,8.7,0,0.4,0.3,0.023,-4.2,0.4,-3.8,-0.3,0.476,-0.540940765,5.355658199,"4,977,290",,,,
284,KJ Martin,24,2TM,PF,43,16,912,0.618,11.5,1.1,0.2,1.3,0.068,-3.2,-0.3,-3.6,-0.4,,-0.547173542,5.309468822,"4,934,364",,,,
110,Andrew Nembhard,25,IND,SG,65,65,1881,0.545,16.3,1.1,1.7,2.8,0.071,-2.6,0.3,-2.3,-0.1,0.61,-0.550100746,5.263279446,"4,891,438",,,,
281,Bruce Brown,28,2TM,PG,41,12,922,0.504,17.2,0.1,0.6,0.7,0.035,-3.2,-0.6,-3.8,-0.4,,-0.553320323,5.217090069,"4,848,512",,,,
75,Keyonte George,21,UTA,PG,67,35,2109,0.539,24.3,0.9,0.1,1.1,0.024,-0.2,-2.5,-2.7,-0.3,0.207,-0.566742397,5.170900693,"4,805,585",,,,
64,Taurean Prince,30,MIL,SF,80,73,2166,0.613,12.5,1.3,2.2,3.5,0.077,-2,0.3,-1.7,0.1,0.585,-0.575087408,5.124711316,"4,762,659",,,,
273,Andre Jackson Jr.,23,MIL,SG,67,43,980,0.554,11.9,0.1,1,1.2,0.059,-3.6,0.2,-3.4,-0.3,0.585,-0.592372323,5.07852194,"4,719,733",,,,
164,Gradey Dick,21,TOR,SG,54,54,1587,0.543,21,0.2,1.2,1.4,0.042,-1.9,-1.3,-3.2,-0.5,0.366,-0.598122902,5.032332564,"4,676,807",,,,
326,Jett Howard,21,ORL,SF,60,0,701,0.491,19.2,-0.6,0.8,0.1,0.01,-4.1,-1.2,-5.3,-0.6,0.5,-0.599490251,4.982678984,"4,630,661",,,,
157,Tristan Da Silva,23,ORL,SF,74,38,1629,0.522,15.2,0.5,1.9,2.5,0.073,-2.3,-0.3,-2.6,-0.3,0.5,-0.599839745,4.924942263,"4,577,004",,,,
267,Kris Murray,24,POR,SF,69,6,1040,0.472,13.9,-0.2,0.9,0.7,0.033,-3.1,0.1,-3,-0.3,0.439,-0.614594536,4.867205543,"4,523,346",,,,
244,Justin Edwards,21,PHI,SF,44,26,1155,0.559,16.9,0.4,0.5,0.9,0.039,-2.1,-1.6,-3.7,-0.5,0.293,-0.620198044,4.809468822,"4,469,688",,,,
272,Dalen Terry,22,CHI,SG,73,5,987,0.546,14.9,0.2,0.8,1.1,0.052,-4,0.2,-3.8,-0.5,0.476,-0.620733961,4.751732102,"4,416,030",,,,
265,Noah Clowney,20,BRK,PF,46,20,1042,0.516,19,-0.3,0.8,0.5,0.023,-3.1,-1,-4.1,-0.5,0.317,-0.629583391,4.693995381,"4,362,373",,,,
285,Jaden Hardy,22,DAL,SG,57,3,907,0.549,25.3,-0.8,0.5,-0.3,-0.016,-2.8,-1.9,-4.7,-0.6,0.476,-0.634194761,4.636258661,"4,308,715",,,,
372,Elfrid Payton,30,2TM,PG,24,9,511,0.34,15.2,-0.9,0.3,-0.6,-0.057,-5.1,-1.3,-6.4,-0.6,,-0.644407625,4.57852194,"4,255,057",,,,
97,Yves Missi,20,NOP,C,73,67,1956,0.572,14.3,2.5,1.1,3.6,0.089,-1.6,-1.4,-3,-0.5,0.256,-0.670192567,4.520785219,"4,201,400",,,,
100,Kyle Kuzma,29,MIL,PF,33,32,1049,0.545,21.4,-0.6,0.9,0.3,0.014,-2.9,-1.8,-4.7,-0.7,0.585,-0.683278904,4.463048499,"4,147,742",,,,
100,Kyle Kuzma,29,WAS,PF,32,30,887,0.488,27.1,-1.7,0.4,-1.3,-0.068,-3,-2.3,-5.2,-0.7,0.22,-0.688606389,4.405311778,"4,094,084",,,,
223,Ricky Council IV,23,PHI,SF,73,12,1250,0.502,20.3,0.1,0.5,0.6,0.023,-2,-2.3,-4.3,-0.7,0.293,-0.697184211,4.347575058,"4,040,426",,,,
117,Zaccharie Risacher,19,ATL,SF,75,73,1843,0.558,20.9,0.6,1.1,1.8,0.046,-1.7,-1.8,-3.5,-0.7,0.488,-0.698707602,4.289838337,"3,986,769",,,,
233,Caleb Martin,29,2TM,SF,45,24,1218,0.513,14.4,0,0.7,0.6,0.025,-2.9,-0.2,-3.2,-0.4,,-0.710849924,4.232101617,"3,933,111",,,,
72,Max Christie,21,2TM,SG,78,36,2127,0.57,15.2,1.1,1.6,2.7,0.06,-2.1,-0.5,-2.5,-0.3,,-0.726526593,4.174364896,"3,879,453",,,,
65,Stephon Castle,20,SAS,PG,81,47,2162,0.522,26,0.1,1,1.1,0.025,-1.5,-1.7,-3.2,-0.6,0.415,-0.727145084,4.116628176,"3,825,795",,,,
88,Davion Mitchell,26,2TM,PG,74,37,2027,0.573,13.6,1.3,1.6,3,0.07,-2.8,0.2,-2.6,-0.3,,-0.750386611,4.058891455,"3,772,138",,,,
297,KJ Simpson,22,CHO,PG,36,15,842,0.437,19.1,-1,0.5,-0.4,-0.025,-4.5,-0.9,-5.4,-0.7,0.232,-0.753736789,4.001154734,"3,718,480",,,,
160,Corey Kispert,25,WAS,SF,61,0,1602,0.584,17.5,1,0.1,1.1,0.032,-1.4,-2.2,-3.7,-0.7,0.22,-0.764163173,3.943418014,"3,664,822",,,,
154,Terry Rozier,30,MIA,PG,64,23,1658,0.497,20.4,-0.5,1.5,1,0.029,-2.6,-1,-3.7,-0.7,0.451,-0.780188469,3.885681293,"3,611,165",,,,
88,Davion Mitchell,26,TOR,PG,44,22,1080,0.536,13.1,0,0.7,0.7,0.031,-4,-0.3,-4.3,-0.6,0.366,-0.795304835,3.827944573,"3,557,507",,,,
308,Vasilije Micić,31,CHO,PG,36,16,764,0.462,20.3,-1.1,0.3,-0.9,-0.056,-4.4,-2.4,-6.8,-0.9,0.232,-0.80375621,3.770207852,"3,503,849",,,,
198,Julian Strawther,22,DEN,SG,65,4,1384,0.559,17.8,0.5,0.8,1.3,0.043,-3.1,-1.4,-4.5,-0.9,0.61,-0.806280463,3.712471132,"3,450,191",,,,
194,Ryan Dunn,22,PHO,SF,74,44,1410,0.517,16.7,0.2,0.7,1,0.034,-2.9,-1.2,-4.1,-0.7,0.439,-0.812795128,3.654734411,"3,396,534",,,,
338,AJ Johnson,20,WAS,SG,22,11,595,0.478,17,-0.4,0,-0.4,-0.033,-5.8,-2.5,-8.3,-0.9,0.22,-0.818391161,3.596997691,"3,342,876",,,,
184,Jamal Shead,22,TOR,PG,75,11,1467,0.499,18.6,-0.2,1.1,0.8,0.027,-3.2,-0.9,-4.1,-0.8,0.366,-0.823246891,3.53926097,"3,289,218",,,,
126,Alex Sarr,19,WAS,C,67,67,1814,0.482,23.5,-1.6,1.3,-0.3,-0.007,-2.2,-1,-3.3,-0.6,0.22,-0.839118956,3.481524249,"3,235,561",,,,
257,DaQuan Jeffries,27,CHO,SG,47,20,1071,0.518,13.5,0,0.6,0.6,0.027,-4,-0.7,-4.7,-0.7,0.232,-0.840292604,3.423787529,"3,181,903",,,,
338,AJ Johnson,20,2TM,SG,29,11,639,0.48,17.4,-0.5,0,-0.4,-0.032,-5.6,-2.5,-8.1,-1,,-0.844271117,3.366050808,"3,128,245",,,,
308,Vasilije Micić,31,2TM,PG,41,16,785,0.462,19.9,-1.2,0.2,-1,-0.06,-4.6,-2.4,-7,-1,,-0.849393533,3.308314088,"3,074,587",,,,
102,Keon Johnson,22,BRK,SG,79,56,1925,0.499,21.7,-1.3,1.9,0.5,0.014,-3.1,-0.1,-3.3,-0.6,0.317,-0.851655116,3.250577367,"3,020,930",,,,
166,Patrick Williams,23,CHI,PF,63,36,1576,0.512,16.9,-0.9,1.3,0.4,0.012,-3,-0.7,-3.7,-0.7,0.476,-0.913026947,3.192840647,"2,967,272",,,,
171,Gabe Vincent,28,LAL,PG,72,11,1527,0.536,13.5,0.3,1,1.3,0.039,-3.8,-0.1,-4,-0.8,0.61,-0.9545035,3.135103926,"2,913,614",,,,
86,Jalen Wilson,24,BRK,PF,79,22,2031,0.541,16.6,0.9,1,1.9,0.046,-2.6,-1.3,-3.9,-1,0.317,-0.985351898,3.077367206,"2,859,957",,,,
212,Jordan Hawkins,22,NOP,SG,56,9,1321,0.504,21,-0.7,0.1,-0.5,-0.02,-2.4,-3,-5.4,-1.2,0.256,-0.989869426,3.019630485,"2,806,299",,,,
99,Bilal Coulibaly,20,WAS,SF,59,59,1948,0.515,17.9,-0.6,0.9,0.3,0.008,-3,-0.7,-3.7,-0.8,0.22,-1.035568172,2.961893764,"2,752,641",,,,
224,Tidjane Salaün,19,CHO,PF,60,10,1244,0.457,15.2,-0.9,0.9,0,0.002,-4.3,-0.8,-5.2,-1,0.232,-1.046840912,2.904157044,"2,698,983",,,,
199,Nick Smith Jr.,20,CHO,SG,60,27,1369,0.502,20.8,-0.9,0.3,-0.5,-0.019,-3.2,-2.6,-5.7,-1.3,0.232,-1.080926884,2.846420323,"2,645,326",,,,
128,Kyshawn George,21,WAS,SG,68,38,1802,0.503,15.9,-0.9,1.1,0.1,0.003,-3.8,-0.3,-4.1,-0.9,0.22,-1.15649665,2.788683603,"2,591,668",,,,
108,Josh Green,24,CHO,SG,68,67,1887,0.559,11.8,0.4,1,1.5,0.037,-4.5,0.2,-4.3,-1.1,0.232,-1.21911043,2.730946882,"2,538,010",,,,
100,Kyle Kuzma,29,2TM,PF,65,62,1936,0.514,24,-2.3,1.3,-0.9,-0.024,-2.9,-2,-4.9,-1.4,,-1.250920107,2.673210162,"2,484,352",,,,
260,Cody Williams,20,UTA,SG,50,21,1060,0.419,12.5,-1.2,0.1,-1.2,-0.053,-6.1,-1.2,-7.3,-1.4,0.207,-1.277328473,2.615473441,"2,430,695",,,,
119,Isaiah Collier,20,UTA,PG,71,46,1839,0.494,18.9,-1.3,0.5,-0.8,-0.021,-3.8,-1.5,-5.3,-1.6,0.207,-1.3738215,2.557736721,"2,377,037",,,,
28,Bub Carrington,19,WAS,PG,82,57,2458,0.514,15.8,-0.4,0.6,0.2,0.005,-3.3,-1.3,-4.6,-1.6,0.22,-1.569426211,2.5,"2,323,379",,,,
,,,,,,,,,,,,,,,,,,,,,,,,,
